tweet_id,priority,category,postCategories_x,eventID,eventType
211565974422425600,0.75,ServiceAvailable,19,fireColorado2012,Unknown
211654415503990784,0.5,News,15,fireColorado2012,Unknown
211681309368655872,0.25,News,15,fireColorado2012,Unknown
211685621125742592,0.25,Official,16,fireColorado2012,Unknown
211877049147736064,0.25,Factoid,7,fireColorado2012,Unknown
211884082991333376,0.75,FirstPartyObservation,8,fireColorado2012,Unknown
211893016892424192,0.5,Factoid,7,fireColorado2012,Unknown
211904811250089984,0.5,NewSubEvent,14,fireColorado2012,Unknown
211910322582335488,0.75,ServiceAvailable,19,fireColorado2012,Unknown
211964198396231680,0.5,MovePeople,12,fireColorado2012,Unknown
212000114246553600,0.5,MultimediaShare,13,fireColorado2012,Unknown
212032414564880384,0.5,MultimediaShare,13,fireColorado2012,Unknown
212099863171710976,0.25,News,15,fireColorado2012,Unknown
212137133736075264,0.25,News,15,fireColorado2012,Unknown
212158197543337984,0.25,Factoid,7,fireColorado2012,Unknown
212169203422199808,0.25,Sentiment,18,fireColorado2012,Unknown
212176367289253888,0.25,Sentiment,18,fireColorado2012,Unknown
212197095518633984,0.25,Discussion,4,fireColorado2012,Unknown
212201952547840000,0.25,Irrelevant,11,fireColorado2012,Unknown
212202460046049280,0.5,Factoid,7,fireColorado2012,Unknown
212214560617275392,0.25,Irrelevant,11,fireColorado2012,Unknown
212227898512388096,0.25,Sentiment,18,fireColorado2012,Unknown
212231669170716672,0.25,Sentiment,18,fireColorado2012,Unknown
212242750534451200,0.5,Volunteer,22,fireColorado2012,Unknown
212298199229149184,0.25,News,15,fireColorado2012,Unknown
212306336183091200,0.25,News,15,fireColorado2012,Unknown
212311994286620672,0.0,MultimediaShare,13,fireColorado2012,Unknown
212315735609966592,0.5,Factoid,7,fireColorado2012,Unknown
212319443383103488,0.25,Irrelevant,11,fireColorado2012,Unknown
212337210442264576,0.75,ThirdPartyObservation,20,fireColorado2012,Unknown
212373109477617664,0.25,Factoid,7,fireColorado2012,Unknown
212384295719931904,0.5,Factoid,7,fireColorado2012,Unknown
212414263984275456,0.25,News,15,fireColorado2012,Unknown
212429443170435072,0.25,Unknown,21,fireColorado2012,Unknown
212452734148939776,0.5,Factoid,7,fireColorado2012,Unknown
212462741770862592,0.25,News,15,fireColorado2012,Unknown
212525333348491264,0.25,News,15,fireColorado2012,Unknown
212552860590813184,0.5,MultimediaShare,13,fireColorado2012,Unknown
212559890248499200,0.5,Factoid,7,fireColorado2012,Unknown
212587354542706688,0.25,News,15,fireColorado2012,Unknown
212590940664238080,0.25,Sentiment,18,fireColorado2012,Unknown
212595864772952064,0.25,Irrelevant,11,fireColorado2012,Unknown
212604953846480896,0.25,Irrelevant,11,fireColorado2012,Unknown
212617058616225792,0.5,MultimediaShare,13,fireColorado2012,Unknown
212617469645438976,0.25,News,15,fireColorado2012,Unknown
212659349779267584,0.25,Irrelevant,11,fireColorado2012,Unknown
212678790353137664,0.75,EmergingThreats,6,fireColorado2012,Unknown
212679595655299072,0.5,ServiceAvailable,19,fireColorado2012,Unknown
212692916794163200,0.25,Discussion,4,fireColorado2012,Unknown
212824504689360896,0.25,News,15,fireColorado2012,Unknown
212841818780467200,0.25,News,15,fireColorado2012,Unknown
212847581733208064,0.25,News,15,fireColorado2012,Unknown
212887096262791168,0.25,News,15,fireColorado2012,Unknown
213003463032963072,0.25,News,15,fireColorado2012,Unknown
213007598637678592,0.25,News,15,fireColorado2012,Unknown
213015790109196288,0.5,MultimediaShare,13,fireColorado2012,Unknown
213070509003374592,0.5,Factoid,7,fireColorado2012,Unknown
213125177540739072,0.25,Irrelevant,11,fireColorado2012,Unknown
213138934887223296,0.25,MultimediaShare,13,fireColorado2012,Unknown
213275195224494080,0.5,Donations,5,fireColorado2012,Unknown
213303712284811264,0.75,Official,16,fireColorado2012,Unknown
213307550081359872,0.25,Irrelevant,11,fireColorado2012,Unknown
213336062980915200,0.5,Official,16,fireColorado2012,Unknown
213356292113305600,0.5,Weather,23,fireColorado2012,Unknown
213391209673134080,0.25,Factoid,7,fireColorado2012,Unknown
213413158474358784,0.25,Sentiment,18,fireColorado2012,Unknown
213416409043181568,0.25,News,15,fireColorado2012,Unknown
213469647377408000,0.25,Factoid,7,fireColorado2012,Unknown
213470175830351872,0.25,News,15,fireColorado2012,Unknown
213553466344341504,0.25,Factoid,7,fireColorado2012,Unknown
213597628162777088,0.25,News,15,fireColorado2012,Unknown
213627768435519488,0.5,Factoid,7,fireColorado2012,Unknown
213671603081457664,0.25,News,15,fireColorado2012,Unknown
213689735082807296,0.5,Advice,1,fireColorado2012,Unknown
213748442739118080,0.5,Donations,5,fireColorado2012,Unknown
213751626211667968,0.5,Factoid,7,fireColorado2012,Unknown
213824988795518976,0.5,MultimediaShare,13,fireColorado2012,Unknown
213967951626383360,0.25,Factoid,7,fireColorado2012,Unknown
214012344139911168,0.75,EmergingThreats,6,fireColorado2012,Unknown
214044891943145472,0.25,Irrelevant,11,fireColorado2012,Unknown
214182184104370176,0.25,News,15,fireColorado2012,Unknown
214194607657992192,0.5,Factoid,7,fireColorado2012,Unknown
214201167515885568,0.25,News,15,fireColorado2012,Unknown
214226740220928000,0.25,News,15,fireColorado2012,Unknown
214349314556821504,0.25,News,15,fireColorado2012,Unknown
214350006621192192,0.25,Irrelevant,11,fireColorado2012,Unknown
214385830171648000,0.25,Factoid,7,fireColorado2012,Unknown
214425449537867776,0.75,NewSubEvent,14,fireColorado2012,Unknown
214426300994162688,0.75,NewSubEvent,14,fireColorado2012,Unknown
214479962911154176,0.25,Irrelevant,11,fireColorado2012,Unknown
214490071183802368,0.5,MultimediaShare,13,fireColorado2012,Unknown
214570425664024576,0.5,MultimediaShare,13,fireColorado2012,Unknown
214794103693643776,0.75,Weather,23,fireColorado2012,Unknown
214826689233027072,0.25,News,15,fireColorado2012,Unknown
214850416427548672,0.25,News,15,fireColorado2012,Unknown
214886101553397760,0.5,Factoid,7,fireColorado2012,Unknown
214949230027096064,0.75,FirstPartyObservation,8,fireColorado2012,Unknown
215023850889547776,0.25,Factoid,7,fireColorado2012,Unknown
215062358802968576,0.5,MultimediaShare,13,fireColorado2012,Unknown
215119355187445760,0.25,News,15,fireColorado2012,Unknown
215138435093110784,0.5,Donations,5,fireColorado2012,Unknown
215174099247435776,0.25,Irrelevant,11,fireColorado2012,Unknown
215249416393719808,0.5,Donations,5,fireColorado2012,Unknown
215317343130238976,0.25,News,15,fireColorado2012,Unknown
215352826958843904,0.25,Factoid,7,fireColorado2012,Unknown
215465313989427200,0.5,Factoid,7,fireColorado2012,Unknown
215578157523275776,0.25,News,15,fireColorado2012,Unknown
215763893904089088,0.5,CleanUp,2,fireColorado2012,Unknown
215821620097462272,0.25,Irrelevant,11,fireColorado2012,Unknown
215855174546231296,0.75,Weather,23,fireColorado2012,Unknown
215869691003011072,0.75,Donations,5,fireColorado2012,Unknown
216305818927251456,0.75,MovePeople,12,fireColorado2012,Unknown
216336307352371200,0.5,MultimediaShare,13,fireColorado2012,Unknown
216349737488621568,0.5,MultimediaShare,13,fireColorado2012,Unknown
216366107873914880,0.5,MultimediaShare,13,fireColorado2012,Unknown
216550187492057088,0.5,Donations,5,fireColorado2012,Unknown
216608731599872000,0.25,Irrelevant,11,fireColorado2012,Unknown
216650766893596672,0.25,Irrelevant,11,fireColorado2012,Unknown
216664859759214592,0.5,Hashtags,9,fireColorado2012,Unknown
216685898392276992,0.75,ServiceAvailable,19,fireColorado2012,Unknown
216743465193713664,0.25,Irrelevant,11,fireColorado2012,Unknown
216749215613857792,0.25,Unknown,21,fireColorado2012,Unknown
216759722336980992,0.5,MultimediaShare,13,fireColorado2012,Unknown
216774209446215680,0.75,MovePeople,12,fireColorado2012,Unknown
216868350607884288,0.25,News,15,fireColorado2012,Unknown
216900122443923456,0.25,News,15,fireColorado2012,Unknown
216951989232349184,0.75,Weather,23,fireColorado2012,Unknown
216961334129078272,0.25,Discussion,4,fireColorado2012,Unknown
216979315110318080,0.25,Discussion,4,fireColorado2012,Unknown
216983274558464000,0.75,NewSubEvent,14,fireColorado2012,Unknown
216984293770141696,0.75,NewSubEvent,14,fireColorado2012,Unknown
217008167752699904,0.5,MultimediaShare,13,fireColorado2012,Unknown
217039595639029760,0.25,Sentiment,18,fireColorado2012,Unknown
217048223334932480,0.25,News,15,fireColorado2012,Unknown
217088622871060480,0.25,Irrelevant,11,fireColorado2012,Unknown
217103105794375680,0.25,Irrelevant,11,fireColorado2012,Unknown
217276200555528192,0.5,MultimediaShare,13,fireColorado2012,Unknown
217352981446787072,0.25,Factoid,7,fireColorado2012,Unknown
217393586537377792,0.75,Advice,1,fireColorado2012,Unknown
217420929200959488,0.5,ThirdPartyObservation,20,fireColorado2012,Unknown
217429728829784064,0.5,MultimediaShare,13,fireColorado2012,Unknown
217479968219873280,0.5,MultimediaShare,13,fireColorado2012,Unknown
217481515918049280,0.25,Donations,5,fireColorado2012,Unknown
217569856327909376,0.25,Factoid,7,fireColorado2012,Unknown
217634977108602880,0.25,Irrelevant,11,fireColorado2012,Unknown
217679969407602688,0.25,Sentiment,18,fireColorado2012,Unknown
217691780571856896,0.75,NewSubEvent,14,fireColorado2012,Unknown
217707215602192384,0.25,Irrelevant,11,fireColorado2012,Unknown
217724286427860992,0.5,MultimediaShare,13,fireColorado2012,Unknown
217732012314861568,0.5,FirstPartyObservation,8,fireColorado2012,Unknown
217733576786055168,0.5,MultimediaShare,13,fireColorado2012,Unknown
217742238061563904,0.25,News,15,fireColorado2012,Unknown
217746356842926080,0.5,MultimediaShare,13,fireColorado2012,Unknown
243203924050448384,0.25,OriginalEvent,17,costaRicaEarthquake2012,Unknown
243361642447007744,0.5,News,15,costaRicaEarthquake2012,Unknown
243361697002299392,0.25,OriginalEvent,17,costaRicaEarthquake2012,Unknown
243361759912681472,0.25,OriginalEvent,17,costaRicaEarthquake2012,Unknown
243362053518131200,0.25,Official,16,costaRicaEarthquake2012,Unknown
243362288403369984,0.25,OriginalEvent,17,costaRicaEarthquake2012,Unknown
243362649100931072,0.25,OriginalEvent,17,costaRicaEarthquake2012,Unknown
243362783322861568,0.25,Official,16,costaRicaEarthquake2012,Unknown
243362997215571968,0.25,Official,16,costaRicaEarthquake2012,Unknown
243363055944232960,0.25,OriginalEvent,17,costaRicaEarthquake2012,Unknown
243363244704677888,0.25,OriginalEvent,17,costaRicaEarthquake2012,Unknown
243363487944937472,0.25,OriginalEvent,17,costaRicaEarthquake2012,Unknown
243363672506896384,0.25,Official,16,costaRicaEarthquake2012,Unknown
243363680916488192,0.25,OriginalEvent,17,costaRicaEarthquake2012,Unknown
243363781554606080,0.75,Official,16,costaRicaEarthquake2012,Unknown
243363907387928576,0.25,News,15,costaRicaEarthquake2012,Unknown
243364184228757504,0.25,Official,16,costaRicaEarthquake2012,Unknown
243364263891189760,0.25,OriginalEvent,17,costaRicaEarthquake2012,Unknown
243364704293117952,0.25,OriginalEvent,17,costaRicaEarthquake2012,Unknown
243365165695922176,0.25,OriginalEvent,17,costaRicaEarthquake2012,Unknown
243365824180662272,0.25,Sentiment,18,costaRicaEarthquake2012,Unknown
243366767903264768,0.5,Official,16,costaRicaEarthquake2012,Unknown
243367116034670592,0.75,NewSubEvent,14,costaRicaEarthquake2012,Unknown
243367720022855680,0.25,OriginalEvent,17,costaRicaEarthquake2012,Unknown
243367816496029696,0.25,OriginalEvent,17,costaRicaEarthquake2012,Unknown
243368005214552064,0.75,NewSubEvent,14,costaRicaEarthquake2012,Unknown
243368013594779648,0.25,OriginalEvent,17,costaRicaEarthquake2012,Unknown
243368294621532160,0.75,ThirdPartyObservation,20,costaRicaEarthquake2012,Unknown
243368693072023552,0.25,Official,16,costaRicaEarthquake2012,Unknown
243369645195792384,0.25,Official,16,costaRicaEarthquake2012,Unknown
243369833931104256,0.5,News,15,costaRicaEarthquake2012,Unknown
243370110771945472,0.25,OriginalEvent,17,costaRicaEarthquake2012,Unknown
243370358244274176,0.25,OriginalEvent,17,costaRicaEarthquake2012,Unknown
243370475663806464,0.25,OriginalEvent,17,costaRicaEarthquake2012,Unknown
243370685391597568,0.25,OriginalEvent,17,costaRicaEarthquake2012,Unknown
243371167740747776,0.25,OriginalEvent,17,costaRicaEarthquake2012,Unknown
243371243221426176,0.25,OriginalEvent,17,costaRicaEarthquake2012,Unknown
243371809460854784,0.25,OriginalEvent,17,costaRicaEarthquake2012,Unknown
243371897553817600,0.25,Irrelevant,11,costaRicaEarthquake2012,Unknown
243371905946615808,0.25,OriginalEvent,17,costaRicaEarthquake2012,Unknown
243371989832695808,0.75,Official,16,costaRicaEarthquake2012,Unknown
243372056903815168,0.5,NewSubEvent,14,costaRicaEarthquake2012,Unknown
243372182737154048,0.25,News,15,costaRicaEarthquake2012,Unknown
243372363088003072,0.25,News,15,costaRicaEarthquake2012,Unknown
243372774167552000,0.25,OriginalEvent,17,costaRicaEarthquake2012,Unknown
243373562663161856,0.25,OriginalEvent,17,costaRicaEarthquake2012,Unknown
243373805941182464,0.25,OriginalEvent,17,costaRicaEarthquake2012,Unknown
243374590288592896,0.25,OriginalEvent,17,costaRicaEarthquake2012,Unknown
243375215244095488,0.25,OriginalEvent,17,costaRicaEarthquake2012,Unknown
243375504625905664,0.25,Official,16,costaRicaEarthquake2012,Unknown
243375546594119680,0.75,EmergingThreats,6,costaRicaEarthquake2012,Unknown
243375571747360768,0.75,NewSubEvent,14,costaRicaEarthquake2012,Unknown
243375852753141760,0.75,Unknown,21,costaRicaEarthquake2012,Unknown
243376070861144064,0.25,Irrelevant,11,costaRicaEarthquake2012,Unknown
243376377057902592,1.0,EmergingThreats,6,costaRicaEarthquake2012,Unknown
243376779690123264,0.25,OriginalEvent,17,costaRicaEarthquake2012,Unknown
243376792289828864,0.25,OriginalEvent,17,costaRicaEarthquake2012,Unknown
243377224290562048,0.25,OriginalEvent,17,costaRicaEarthquake2012,Unknown
243377597612969984,0.5,Factoid,7,costaRicaEarthquake2012,Unknown
243377601790480384,0.5,Factoid,7,costaRicaEarthquake2012,Unknown
243377631142215680,0.25,OriginalEvent,17,costaRicaEarthquake2012,Unknown
243377807307190272,0.75,MultimediaShare,13,costaRicaEarthquake2012,Unknown
243377979273666560,0.5,Official,16,costaRicaEarthquake2012,Unknown
243378377719955456,0.5,NewSubEvent,14,costaRicaEarthquake2012,Unknown
243378847502962688,0.5,Official,16,costaRicaEarthquake2012,Unknown
243379346616770560,0.25,News,15,costaRicaEarthquake2012,Unknown
243379438908219392,0.25,OriginalEvent,17,costaRicaEarthquake2012,Unknown
243379824775819264,0.5,ThirdPartyObservation,20,costaRicaEarthquake2012,Unknown
243380223213711360,0.25,OriginalEvent,17,costaRicaEarthquake2012,Unknown
243381145994133504,0.5,Factoid,7,costaRicaEarthquake2012,Unknown
243381598978981888,0.25,OriginalEvent,17,costaRicaEarthquake2012,Unknown
243382324589367296,0.5,Factoid,7,costaRicaEarthquake2012,Unknown
243383138254999552,0.25,ContextualInformation,3,costaRicaEarthquake2012,Unknown
243383633216409600,0.25,OriginalEvent,17,costaRicaEarthquake2012,Unknown
243383729668640768,0.25,OriginalEvent,17,costaRicaEarthquake2012,Unknown
243383784194580480,0.25,OriginalEvent,17,costaRicaEarthquake2012,Unknown
243384031645925376,0.25,Official,16,costaRicaEarthquake2012,Unknown
243384174285844480,0.25,OriginalEvent,17,costaRicaEarthquake2012,Unknown
243384476254756864,0.25,News,15,costaRicaEarthquake2012,Unknown
243385008943923200,0.25,OriginalEvent,17,costaRicaEarthquake2012,Unknown
243388116906426368,0.25,OriginalEvent,17,costaRicaEarthquake2012,Unknown
243389396185931776,0.25,OriginalEvent,17,costaRicaEarthquake2012,Unknown
243389861741068288,0.25,OriginalEvent,17,costaRicaEarthquake2012,Unknown
243390297936130048,0.5,Official,16,costaRicaEarthquake2012,Unknown
243390360884232192,0.5,Official,16,costaRicaEarthquake2012,Unknown
243390792889163776,0.25,OriginalEvent,17,costaRicaEarthquake2012,Unknown
243391937929945088,0.25,OriginalEvent,17,costaRicaEarthquake2012,Unknown
243393980551811072,0.25,OriginalEvent,17,costaRicaEarthquake2012,Unknown
243394387386703872,0.25,Irrelevant,11,costaRicaEarthquake2012,Unknown
243394697765199872,0.5,News,15,costaRicaEarthquake2012,Unknown
243396241285861376,0.25,OriginalEvent,17,costaRicaEarthquake2012,Unknown
243397562474844160,0.25,Official,16,costaRicaEarthquake2012,Unknown
243397809968140288,0.25,OriginalEvent,17,costaRicaEarthquake2012,Unknown
243397910606274560,0.25,Irrelevant,11,costaRicaEarthquake2012,Unknown
243398938219139072,0.25,OriginalEvent,17,costaRicaEarthquake2012,Unknown
243401379312459776,0.25,OriginalEvent,17,costaRicaEarthquake2012,Unknown
243403535193096192,0.5,ThirdPartyObservation,20,costaRicaEarthquake2012,Unknown
243405867192561664,0.25,Irrelevant,11,costaRicaEarthquake2012,Unknown
243408136311029760,0.25,Sentiment,18,costaRicaEarthquake2012,Unknown
243409243628257280,0.75,Factoid,7,costaRicaEarthquake2012,Unknown
243409293934723072,0.75,Factoid,7,costaRicaEarthquake2012,Unknown
243410216681619456,0.5,MultimediaShare,13,costaRicaEarthquake2012,Unknown
243411898605907968,0.5,Factoid,7,costaRicaEarthquake2012,Unknown
243413102383755264,0.25,Sentiment,18,costaRicaEarthquake2012,Unknown
243414822031589376,0.25,OriginalEvent,17,costaRicaEarthquake2012,Unknown
243417254748893184,0.25,News,15,costaRicaEarthquake2012,Unknown
243419578393321472,0.25,News,15,costaRicaEarthquake2012,Unknown
243425169387970560,0.25,Irrelevant,11,costaRicaEarthquake2012,Unknown
243425253286637568,0.25,Sentiment,18,costaRicaEarthquake2012,Unknown
243426079547723776,0.25,OriginalEvent,17,costaRicaEarthquake2012,Unknown
243427237188210688,0.75,Factoid,7,costaRicaEarthquake2012,Unknown
243431494389993472,0.25,OriginalEvent,17,costaRicaEarthquake2012,Unknown
243433738351022080,0.25,Sentiment,18,costaRicaEarthquake2012,Unknown
243436699517071360,0.25,OriginalEvent,17,costaRicaEarthquake2012,Unknown
243437060227223552,0.25,OriginalEvent,17,costaRicaEarthquake2012,Unknown
243443297190821888,0.25,OriginalEvent,17,costaRicaEarthquake2012,Unknown
243444878439231488,0.25,OriginalEvent,17,costaRicaEarthquake2012,Unknown
243455976546656256,0.25,News,15,costaRicaEarthquake2012,Unknown
243467544449662976,0.5,ServiceAvailable,19,costaRicaEarthquake2012,Unknown
243478848094756864,0.75,FirstPartyObservation,8,costaRicaEarthquake2012,Unknown
243491720426307584,0.25,News,15,costaRicaEarthquake2012,Unknown
243496669692432384,0.25,Irrelevant,11,costaRicaEarthquake2012,Unknown
243505574208237568,0.25,Unknown,21,costaRicaEarthquake2012,Unknown
243506920592392192,0.25,OriginalEvent,17,costaRicaEarthquake2012,Unknown
243520291995791360,0.25,Irrelevant,11,costaRicaEarthquake2012,Unknown
243532572930498560,0.25,News,15,costaRicaEarthquake2012,Unknown
243556706976686080,0.25,Discussion,4,costaRicaEarthquake2012,Unknown
243563099095973888,0.25,News,15,costaRicaEarthquake2012,Unknown
243585987387719680,0.25,OriginalEvent,17,costaRicaEarthquake2012,Unknown
243604408787681280,0.25,News,15,costaRicaEarthquake2012,Unknown
243615632724213760,0.25,OriginalEvent,17,costaRicaEarthquake2012,Unknown
243626894459797504,0.5,Factoid,7,costaRicaEarthquake2012,Unknown
243627842355744768,0.25,Discussion,4,costaRicaEarthquake2012,Unknown
243679361000153088,0.25,Irrelevant,11,costaRicaEarthquake2012,Unknown
243683131692036096,0.25,News,15,costaRicaEarthquake2012,Unknown
243746071401078784,0.25,News,15,costaRicaEarthquake2012,Unknown
243851088397234176,0.25,Unknown,21,costaRicaEarthquake2012,Unknown
243875360817700864,0.25,Irrelevant,11,costaRicaEarthquake2012,Unknown
243922446086991872,0.25,OriginalEvent,17,costaRicaEarthquake2012,Unknown
243967807463768064,0.25,FirstPartyObservation,8,costaRicaEarthquake2012,Unknown
243967958454521856,0.25,FirstPartyObservation,8,costaRicaEarthquake2012,Unknown
243968575038173184,0.25,FirstPartyObservation,8,costaRicaEarthquake2012,Unknown
243968738607656960,0.25,FirstPartyObservation,8,costaRicaEarthquake2012,Unknown
243969426469310464,0.25,Irrelevant,11,costaRicaEarthquake2012,Unknown
243969803973455872,0.25,Irrelevant,11,costaRicaEarthquake2012,Unknown
243972182135431168,0.25,Irrelevant,11,costaRicaEarthquake2012,Unknown
243972773528084480,0.25,Irrelevant,11,costaRicaEarthquake2012,Unknown
243979417314009088,0.25,Irrelevant,11,costaRicaEarthquake2012,Unknown
244024363458895872,0.25,News,15,costaRicaEarthquake2012,Unknown
244085394776391680,0.25,Irrelevant,11,costaRicaEarthquake2012,Unknown
244094269923676160,0.25,Irrelevant,11,costaRicaEarthquake2012,Unknown
244097768002568192,0.25,Irrelevant,11,costaRicaEarthquake2012,Unknown
244104592135176192,0.25,Irrelevant,11,costaRicaEarthquake2012,Unknown
244127337828986880,0.25,ContextualInformation,3,costaRicaEarthquake2012,Unknown
244243939484385280,0.25,Irrelevant,11,costaRicaEarthquake2012,Unknown
244410054885920768,0.75,NewSubEvent,14,costaRicaEarthquake2012,Unknown
244420150596603904,0.25,Irrelevant,11,costaRicaEarthquake2012,Unknown
244452702589943808,0.25,Irrelevant,11,costaRicaEarthquake2012,Unknown
244541017854976000,0.25,Irrelevant,11,costaRicaEarthquake2012,Unknown
244541726663000064,0.5,FirstPartyObservation,8,costaRicaEarthquake2012,Unknown
244542703960989696,0.25,OriginalEvent,17,costaRicaEarthquake2012,Unknown
244557337858293760,0.25,OriginalEvent,17,costaRicaEarthquake2012,Unknown
244571497836974080,0.25,Irrelevant,11,costaRicaEarthquake2012,Unknown
245096918299066368,0.25,Irrelevant,11,costaRicaEarthquake2012,Unknown
245138609697611776,0.25,Irrelevant,11,costaRicaEarthquake2012,Unknown
245294130270466048,0.25,Irrelevant,11,costaRicaEarthquake2012,Unknown
245717721415831552,0.25,OriginalEvent,17,costaRicaEarthquake2012,Unknown
245718686105759744,0.25,OriginalEvent,17,costaRicaEarthquake2012,Unknown
245776676586389504,0.25,OriginalEvent,17,costaRicaEarthquake2012,Unknown
245779742605860864,0.25,OriginalEvent,17,costaRicaEarthquake2012,Unknown
245830258786451456,0.25,Irrelevant,11,costaRicaEarthquake2012,Unknown
245851830112907264,0.5,Official,16,costaRicaEarthquake2012,Unknown
246508091867295744,0.25,Irrelevant,11,costaRicaEarthquake2012,Unknown
246604854460563456,0.25,News,15,costaRicaEarthquake2012,Unknown
247215201198436352,0.25,OriginalEvent,17,costaRicaEarthquake2012,Unknown
247293697593597952,0.25,OriginalEvent,17,costaRicaEarthquake2012,Unknown
248156667257180160,0.25,OriginalEvent,17,costaRicaEarthquake2012,Unknown
274317493407981568,0.25,Unknown,21,typhoonPablo2012,Unknown
274530656321675264,0.25,Irrelevant,11,typhoonPablo2012,Unknown
274660784620052480,0.5,Weather,23,typhoonPablo2012,Unknown
274681584194560000,0.75,NewSubEvent,14,typhoonPablo2012,Unknown
274728321307271168,0.75,MultimediaShare,13,typhoonPablo2012,Unknown
274863314985680896,0.75,MultimediaShare,13,typhoonPablo2012,Unknown
275035356942983168,0.25,Irrelevant,11,typhoonPablo2012,Unknown
275045104501260288,0.75,Weather,23,typhoonPablo2012,Unknown
275065346233335808,0.5,Advice,1,typhoonPablo2012,Unknown
275084874912784384,0.5,Discussion,4,typhoonPablo2012,Unknown
275086229647802368,0.5,InformationWanted,10,typhoonPablo2012,Unknown
275086955249807360,0.25,Unknown,21,typhoonPablo2012,Unknown
275091149578985472,0.25,Sentiment,18,typhoonPablo2012,Unknown
275094664414126080,0.25,News,15,typhoonPablo2012,Unknown
275095633273171968,0.25,News,15,typhoonPablo2012,Unknown
275105557009018880,0.25,Irrelevant,11,typhoonPablo2012,Unknown
275110934119321600,0.5,Official,16,typhoonPablo2012,Unknown
275111806505213952,0.5,Discussion,4,typhoonPablo2012,Unknown
275117779202494464,0.5,Advice,1,typhoonPablo2012,Unknown
275121851880062976,0.25,Irrelevant,11,typhoonPablo2012,Unknown
275129993032499200,0.25,ContextualInformation,3,typhoonPablo2012,Unknown
275131066744983552,0.25,Sentiment,18,typhoonPablo2012,Unknown
275139929347067904,0.5,Factoid,7,typhoonPablo2012,Unknown
275145688097095680,0.5,MultimediaShare,13,typhoonPablo2012,Unknown
275164403098333184,0.25,InformationWanted,10,typhoonPablo2012,Unknown
275189841543716864,0.75,NewSubEvent,14,typhoonPablo2012,Unknown
275209072410759168,0.75,MultimediaShare,13,typhoonPablo2012,Unknown
275213048640327680,0.25,Unknown,21,typhoonPablo2012,Unknown
275215644893523968,0.25,News,15,typhoonPablo2012,Unknown
275216999653707776,0.5,Factoid,7,typhoonPablo2012,Unknown
275217511362994176,0.25,News,15,typhoonPablo2012,Unknown
275225006605217792,0.5,Factoid,7,typhoonPablo2012,Unknown
275229192499634176,0.5,MultimediaShare,13,typhoonPablo2012,Unknown
275231293854326784,0.25,Sentiment,18,typhoonPablo2012,Unknown
275237581124407296,0.5,Advice,1,typhoonPablo2012,Unknown
275254710653550592,0.5,Factoid,7,typhoonPablo2012,Unknown
275259576058789888,0.25,Sentiment,18,typhoonPablo2012,Unknown
275261073421115392,0.25,Unknown,21,typhoonPablo2012,Unknown
275263749382881280,0.25,Advice,1,typhoonPablo2012,Unknown
275266509226536960,0.5,Official,16,typhoonPablo2012,Unknown
275285492642246656,0.5,Weather,23,typhoonPablo2012,Unknown
275339443982987264,0.25,Irrelevant,11,typhoonPablo2012,Unknown
275344145776795648,0.5,Factoid,7,typhoonPablo2012,Unknown
275350823117156352,0.5,Weather,23,typhoonPablo2012,Unknown
275385744909033472,0.25,Sentiment,18,typhoonPablo2012,Unknown
275398264914857984,0.25,News,15,typhoonPablo2012,Unknown
275417453838884864,0.25,News,15,typhoonPablo2012,Unknown
275441470406807552,0.5,MultimediaShare,13,typhoonPablo2012,Unknown
275469291242016768,0.5,ThirdPartyObservation,20,typhoonPablo2012,Unknown
275470343995527168,0.25,OriginalEvent,17,typhoonPablo2012,Unknown
275477948285452288,0.25,Irrelevant,11,typhoonPablo2012,Unknown
275478791323787264,0.25,Irrelevant,11,typhoonPablo2012,Unknown
275483572868091904,0.25,Discussion,4,typhoonPablo2012,Unknown
275484130681188352,0.25,Sentiment,18,typhoonPablo2012,Unknown
275499767046471680,0.25,Irrelevant,11,typhoonPablo2012,Unknown
275503827141132288,0.5,MultimediaShare,13,typhoonPablo2012,Unknown
275504116569092096,0.25,Irrelevant,11,typhoonPablo2012,Unknown
275511641112731648,0.25,Sentiment,18,typhoonPablo2012,Unknown
275514455515881472,0.25,News,15,typhoonPablo2012,Unknown
275524807070736384,0.75,Official,16,typhoonPablo2012,Unknown
275530729390211072,0.25,News,15,typhoonPablo2012,Unknown
275531983508078592,0.75,Official,16,typhoonPablo2012,Unknown
275533992558723072,0.5,Discussion,4,typhoonPablo2012,Unknown
275538346258874368,0.25,Sentiment,18,typhoonPablo2012,Unknown
275538820215226368,0.25,Irrelevant,11,typhoonPablo2012,Unknown
275539692655628288,0.25,Irrelevant,11,typhoonPablo2012,Unknown
275541944975896576,0.5,Factoid,7,typhoonPablo2012,Unknown
275544222487158784,0.25,Sentiment,18,typhoonPablo2012,Unknown
275545925382987776,0.25,Irrelevant,11,typhoonPablo2012,Unknown
275545946341904384,0.25,Sentiment,18,typhoonPablo2012,Unknown
275552262946975744,0.5,Official,16,typhoonPablo2012,Unknown
275555492573630464,0.25,Sentiment,18,typhoonPablo2012,Unknown
275562899731275776,0.25,News,15,typhoonPablo2012,Unknown
275567672849223680,0.25,News,15,typhoonPablo2012,Unknown
275573913960980480,0.5,Discussion,4,typhoonPablo2012,Unknown
275575059005972480,0.25,News,15,typhoonPablo2012,Unknown
275575906238607360,0.75,Weather,23,typhoonPablo2012,Unknown
275577646899949568,0.25,News,15,typhoonPablo2012,Unknown
275577667875659776,0.5,Weather,23,typhoonPablo2012,Unknown
275581262373199872,0.25,Irrelevant,11,typhoonPablo2012,Unknown
275584353604616192,0.5,Factoid,7,typhoonPablo2012,Unknown
275590003302739968,0.5,Discussion,4,typhoonPablo2012,Unknown
275594730295922688,0.25,Irrelevant,11,typhoonPablo2012,Unknown
275600040263827456,0.25,Sentiment,18,typhoonPablo2012,Unknown
275607627768143872,0.5,News,15,typhoonPablo2012,Unknown
275630755172986880,0.25,Unknown,21,typhoonPablo2012,Unknown
275648790696964096,0.25,Sentiment,18,typhoonPablo2012,Unknown
275654616560066560,0.5,Official,16,typhoonPablo2012,Unknown
275657179271426048,0.5,Factoid,7,typhoonPablo2012,Unknown
275660585063022592,0.5,InformationWanted,10,typhoonPablo2012,Unknown
275680285725716480,0.5,Weather,23,typhoonPablo2012,Unknown
275715488506593280,0.25,Sentiment,18,typhoonPablo2012,Unknown
275715933115404288,0.25,MultimediaShare,13,typhoonPablo2012,Unknown
275716184748470272,0.25,Irrelevant,11,typhoonPablo2012,Unknown
275718579696066560,0.5,News,15,typhoonPablo2012,Unknown
275720005763624960,0.5,MultimediaShare,13,typhoonPablo2012,Unknown
275720542621941760,0.5,Weather,23,typhoonPablo2012,Unknown
275725785514524672,0.5,Weather,23,typhoonPablo2012,Unknown
275728885113581568,0.25,Irrelevant,11,typhoonPablo2012,Unknown
275729430360489984,0.75,NewSubEvent,14,typhoonPablo2012,Unknown
275730885792378880,0.75,EmergingThreats,6,typhoonPablo2012,Unknown
275736539709972480,0.25,News,15,typhoonPablo2012,Unknown
275738049646833664,0.5,Weather,23,typhoonPablo2012,Unknown
275739182125690880,0.5,Factoid,7,typhoonPablo2012,Unknown
275742168486928384,0.5,Discussion,4,typhoonPablo2012,Unknown
275746203369623552,0.25,Unknown,21,typhoonPablo2012,Unknown
275747197457403904,0.25,Sentiment,18,typhoonPablo2012,Unknown
275748426375901184,0.25,Irrelevant,11,typhoonPablo2012,Unknown
275750573855354880,0.25,Sentiment,18,typhoonPablo2012,Unknown
275753656660414464,0.75,EmergingThreats,6,typhoonPablo2012,Unknown
275754952708722688,0.5,Factoid,7,typhoonPablo2012,Unknown
275755632202764288,0.5,Weather,23,typhoonPablo2012,Unknown
275755783193505792,0.25,News,15,typhoonPablo2012,Unknown
275756030623875072,0.25,News,15,typhoonPablo2012,Unknown
275758320739045376,0.25,Irrelevant,11,typhoonPablo2012,Unknown
275760120070279168,0.75,EmergingThreats,6,typhoonPablo2012,Unknown
275760145257086976,0.25,Discussion,4,typhoonPablo2012,Unknown
275762955428192256,0.25,Sentiment,18,typhoonPablo2012,Unknown
275763051897176064,0.25,Irrelevant,11,typhoonPablo2012,Unknown
275763819458998272,0.25,Discussion,4,typhoonPablo2012,Unknown
275764305985683456,0.25,Discussion,4,typhoonPablo2012,Unknown
275765815943512064,0.5,Weather,23,typhoonPablo2012,Unknown
275768714232750080,0.25,Irrelevant,11,typhoonPablo2012,Unknown
275773457994768384,0.25,Weather,23,typhoonPablo2012,Unknown
275774200353026048,0.25,Irrelevant,11,typhoonPablo2012,Unknown
275774422680477696,0.25,Sentiment,18,typhoonPablo2012,Unknown
275777719403442176,0.5,Official,16,typhoonPablo2012,Unknown
275784077943123968,0.75,EmergingThreats,6,typhoonPablo2012,Unknown
275784837124718592,0.5,MultimediaShare,13,typhoonPablo2012,Unknown
275793833915195392,0.5,Weather,23,typhoonPablo2012,Unknown
275795436122537984,0.25,Sentiment,18,typhoonPablo2012,Unknown
275797776565149696,0.25,Unknown,21,typhoonPablo2012,Unknown
275797919137939456,0.75,EmergingThreats,6,typhoonPablo2012,Unknown
275812926395408384,0.25,Irrelevant,11,typhoonPablo2012,Unknown
275817892442943488,0.25,Irrelevant,11,typhoonPablo2012,Unknown
275818798395846656,0.25,News,15,typhoonPablo2012,Unknown
275829418390327296,0.25,Irrelevant,11,typhoonPablo2012,Unknown
275830068499058688,0.25,News,15,typhoonPablo2012,Unknown
275831779754131456,0.25,Irrelevant,11,typhoonPablo2012,Unknown
275833461699387392,0.5,Factoid,7,typhoonPablo2012,Unknown
275833683993317376,0.25,News,15,typhoonPablo2012,Unknown
275835311362285568,0.25,MultimediaShare,13,typhoonPablo2012,Unknown
275835323970383872,0.25,Unknown,21,typhoonPablo2012,Unknown
275836406092414976,0.5,Weather,23,typhoonPablo2012,Unknown
275839576977833984,0.25,Sentiment,18,typhoonPablo2012,Unknown
275845188969193472,0.5,Weather,23,typhoonPablo2012,Unknown
275846640194170880,0.5,Donations,5,typhoonPablo2012,Unknown
275851241337282560,0.25,Irrelevant,11,typhoonPablo2012,Unknown
275855943164649472,0.75,EmergingThreats,6,typhoonPablo2012,Unknown
275856454878130176,0.25,Irrelevant,11,typhoonPablo2012,Unknown
275856941413191680,0.25,Irrelevant,11,typhoonPablo2012,Unknown
275857486672703488,0.25,MultimediaShare,13,typhoonPablo2012,Unknown
275858384262144000,0.25,News,15,typhoonPablo2012,Unknown
275860582056484864,0.25,News,15,typhoonPablo2012,Unknown
275860611424997376,0.25,Sentiment,18,typhoonPablo2012,Unknown
275860741461000192,0.5,Advice,1,typhoonPablo2012,Unknown
275864050758459392,0.25,News,15,typhoonPablo2012,Unknown
275866034655858688,0.75,EmergingThreats,6,typhoonPablo2012,Unknown
275866043023519744,0.75,EmergingThreats,6,typhoonPablo2012,Unknown
275877501895573504,0.75,Weather,23,typhoonPablo2012,Unknown
275878063923949568,0.75,MovePeople,12,typhoonPablo2012,Unknown
275881465483505664,0.5,MultimediaShare,13,typhoonPablo2012,Unknown
275881650053869568,0.25,Irrelevant,11,typhoonPablo2012,Unknown
275883940139655168,0.25,Sentiment,18,typhoonPablo2012,Unknown
275888641971216384,0.25,Unknown,21,typhoonPablo2012,Unknown
275888692277694464,0.25,MultimediaShare,13,typhoonPablo2012,Unknown
275889229165391872,0.75,EmergingThreats,6,typhoonPablo2012,Unknown
275889694703755264,0.25,News,15,typhoonPablo2012,Unknown
275890088997691392,0.25,Sentiment,18,typhoonPablo2012,Unknown
275890592284831744,0.25,News,15,typhoonPablo2012,Unknown
275891460505731072,0.5,Weather,23,typhoonPablo2012,Unknown
275892546843078656,0.5,Official,16,typhoonPablo2012,Unknown
275894396547899392,0.5,Weather,23,typhoonPablo2012,Unknown
275898683109801984,0.25,News,15,typhoonPablo2012,Unknown
275898817348526080,0.25,Sentiment,18,typhoonPablo2012,Unknown
275899106730336256,0.75,NewSubEvent,14,typhoonPablo2012,Unknown
275899261915369472,0.25,News,15,typhoonPablo2012,Unknown
324681353662709760,0.25,Irrelevant,11,westTexasExplosion2013,Unknown
324694565753851904,0.25,Irrelevant,11,westTexasExplosion2013,Unknown
324694993551884288,0.75,NewSubEvent,14,westTexasExplosion2013,Unknown
324700584571711488,0.75,MultimediaShare,13,westTexasExplosion2013,Unknown
324702723675144192,1.0,EmergingThreats,6,westTexasExplosion2013,Unknown
324705017925861376,0.25,Discussion,4,westTexasExplosion2013,Unknown
324706162983448576,0.5,Official,16,westTexasExplosion2013,Unknown
324707635196743680,0.25,Unknown,21,westTexasExplosion2013,Unknown
324707987501494272,0.25,Unknown,21,westTexasExplosion2013,Unknown
324708104937820160,0.25,News,15,westTexasExplosion2013,Unknown
324709166121877504,1.0,EmergingThreats,6,westTexasExplosion2013,Unknown
324709329666183168,0.25,News,15,westTexasExplosion2013,Unknown
324711640744460288,0.5,Factoid,7,westTexasExplosion2013,Unknown
324712861278556160,0.25,Discussion,4,westTexasExplosion2013,Unknown
324713159090921472,0.25,News,15,westTexasExplosion2013,Unknown
324713222009651200,0.25,Sentiment,18,westTexasExplosion2013,Unknown
324713381376434176,0.25,Discussion,4,westTexasExplosion2013,Unknown
324713712730660864,0.25,MultimediaShare,13,westTexasExplosion2013,Unknown
324715566625611776,0.25,Sentiment,18,westTexasExplosion2013,Unknown
324716732637921280,0.25,News,15,westTexasExplosion2013,Unknown
324716816523993088,0.25,Discussion,4,westTexasExplosion2013,Unknown
324717571477737472,0.25,Sentiment,18,westTexasExplosion2013,Unknown
324717705716457472,0.5,InformationWanted,10,westTexasExplosion2013,Unknown
324718703948214272,0.75,MovePeople,12,westTexasExplosion2013,Unknown
324718867530268672,0.25,Discussion,4,westTexasExplosion2013,Unknown
324720117424472064,0.25,Irrelevant,11,westTexasExplosion2013,Unknown
324720142586089472,0.25,News,15,westTexasExplosion2013,Unknown
324720616546631680,0.75,MovePeople,12,westTexasExplosion2013,Unknown
324721056952750080,0.5,MultimediaShare,13,westTexasExplosion2013,Unknown
324721463804444672,0.25,Sentiment,18,westTexasExplosion2013,Unknown
324721916776693760,0.5,Factoid,7,westTexasExplosion2013,Unknown
324724676637106176,0.25,Discussion,4,westTexasExplosion2013,Unknown
324725712626008064,0.25,Sentiment,18,westTexasExplosion2013,Unknown
324726035583209472,0.25,Sentiment,18,westTexasExplosion2013,Unknown
324726211764961280,0.5,Factoid,7,westTexasExplosion2013,Unknown
324726996099817472,0.5,Factoid,7,westTexasExplosion2013,Unknown
324727176446500864,0.5,Factoid,7,westTexasExplosion2013,Unknown
324727180661764096,0.25,Sentiment,18,westTexasExplosion2013,Unknown
324728061444636672,0.5,Factoid,7,westTexasExplosion2013,Unknown
324728086618849280,0.25,News,15,westTexasExplosion2013,Unknown
324728384414437376,0.5,Factoid,7,westTexasExplosion2013,Unknown
324728619303849984,0.25,Sentiment,18,westTexasExplosion2013,Unknown
324728657052594176,0.75,Volunteer,22,westTexasExplosion2013,Unknown
324729151967870976,0.5,FirstPartyObservation,8,westTexasExplosion2013,Unknown
324729999221469184,0.25,News,15,westTexasExplosion2013,Unknown
324730695471755264,0.25,Discussion,4,westTexasExplosion2013,Unknown
324730871640887296,0.25,News,15,westTexasExplosion2013,Unknown
324731639177564160,0.5,MultimediaShare,13,westTexasExplosion2013,Unknown
324731941167435776,0.5,MultimediaShare,13,westTexasExplosion2013,Unknown
324731974726066176,0.25,News,15,westTexasExplosion2013,Unknown
324732234781302784,0.5,Advice,1,westTexasExplosion2013,Unknown
324732515795484672,0.25,Irrelevant,11,westTexasExplosion2013,Unknown
324733547615223808,0.25,News,15,westTexasExplosion2013,Unknown
324733555966099456,0.25,Irrelevant,11,westTexasExplosion2013,Unknown
324733748908261376,0.25,ContextualInformation,3,westTexasExplosion2013,Unknown
324734025740734464,0.25,Sentiment,18,westTexasExplosion2013,Unknown
324734088672079872,0.5,MultimediaShare,13,westTexasExplosion2013,Unknown
324734550053879808,0.25,Sentiment,18,westTexasExplosion2013,Unknown
324734558425718784,0.5,MultimediaShare,13,westTexasExplosion2013,Unknown
324734587769069568,0.25,Sentiment,18,westTexasExplosion2013,Unknown
324734617141796864,0.5,Factoid,7,westTexasExplosion2013,Unknown
324734617158578176,0.5,MultimediaShare,13,westTexasExplosion2013,Unknown
324734717809283072,0.5,Factoid,7,westTexasExplosion2013,Unknown
324734818485161984,0.25,Sentiment,18,westTexasExplosion2013,Unknown
324734948496003072,0.5,Factoid,7,westTexasExplosion2013,Unknown
324735464386998272,0.5,MultimediaShare,13,westTexasExplosion2013,Unknown
324735560868577280,0.5,MultimediaShare,13,westTexasExplosion2013,Unknown
324735665721991168,0.25,Irrelevant,11,westTexasExplosion2013,Unknown
324735862850084864,0.5,MultimediaShare,13,westTexasExplosion2013,Unknown
324736009646534656,0.25,ContextualInformation,3,westTexasExplosion2013,Unknown
324736118715195392,0.25,Sentiment,18,westTexasExplosion2013,Unknown
324736907252744192,0.25,News,15,westTexasExplosion2013,Unknown
324736970154721280,0.5,Advice,1,westTexasExplosion2013,Unknown
324737024676466688,0.75,MultimediaShare,13,westTexasExplosion2013,Unknown
324737121124491264,0.5,Official,16,westTexasExplosion2013,Unknown
324737305686446080,0.25,Sentiment,18,westTexasExplosion2013,Unknown
324737758671294464,0.25,News,15,westTexasExplosion2013,Unknown
324738773697048576,0.25,Sentiment,18,westTexasExplosion2013,Unknown
324738794655993856,0.5,Factoid,7,westTexasExplosion2013,Unknown
324738844987621376,0.25,News,15,westTexasExplosion2013,Unknown
324738844996014080,0.25,News,15,westTexasExplosion2013,Unknown
324738891120791552,0.25,Sentiment,18,westTexasExplosion2013,Unknown
324738937295863808,0.75,EmergingThreats,6,westTexasExplosion2013,Unknown
324739012780752896,0.25,Sentiment,18,westTexasExplosion2013,Unknown
324739147002691584,0.25,Irrelevant,11,westTexasExplosion2013,Unknown
324739159581417472,0.5,MultimediaShare,13,westTexasExplosion2013,Unknown
324739566407913472,0.5,MultimediaShare,13,westTexasExplosion2013,Unknown
324739801314103296,0.25,Irrelevant,11,westTexasExplosion2013,Unknown
324740040376848384,0.25,Sentiment,18,westTexasExplosion2013,Unknown
324740287836614656,0.25,Sentiment,18,westTexasExplosion2013,Unknown
324740547908603904,0.25,Sentiment,18,westTexasExplosion2013,Unknown
324740635980599296,0.25,News,15,westTexasExplosion2013,Unknown
324740677923635200,0.25,Sentiment,18,westTexasExplosion2013,Unknown
324740774401036288,0.5,MultimediaShare,13,westTexasExplosion2013,Unknown
324740967326445568,0.5,MultimediaShare,13,westTexasExplosion2013,Unknown
324741101523181568,0.25,Sentiment,18,westTexasExplosion2013,Unknown
324741479031521280,0.25,Sentiment,18,westTexasExplosion2013,Unknown
324741575496310784,0.5,MultimediaShare,13,westTexasExplosion2013,Unknown
324741755851382784,0.25,Unknown,21,westTexasExplosion2013,Unknown
324742389208072192,0.25,Irrelevant,11,westTexasExplosion2013,Unknown
324742582125072384,0.25,Sentiment,18,westTexasExplosion2013,Unknown
324742716359593984,0.25,Sentiment,18,westTexasExplosion2013,Unknown
324742913483493376,0.25,Sentiment,18,westTexasExplosion2013,Unknown
324742930264883200,0.5,MultimediaShare,13,westTexasExplosion2013,Unknown
324743047684431872,0.75,ServiceAvailable,19,westTexasExplosion2013,Unknown
324743119012765696,0.25,Discussion,4,westTexasExplosion2013,Unknown
324743471334301696,0.25,News,15,westTexasExplosion2013,Unknown
324743546831790080,0.25,MultimediaShare,13,westTexasExplosion2013,Unknown
324744125616365568,0.25,Irrelevant,11,westTexasExplosion2013,Unknown
324744276611325952,0.25,Sentiment,18,westTexasExplosion2013,Unknown
324744532463861760,0.25,News,15,westTexasExplosion2013,Unknown
324744809313075200,0.25,Sentiment,18,westTexasExplosion2013,Unknown
324745052561756160,0.25,MultimediaShare,13,westTexasExplosion2013,Unknown
324745052574343168,0.25,Sentiment,18,westTexasExplosion2013,Unknown
324745102897586176,0.25,Sentiment,18,westTexasExplosion2013,Unknown
324745446822117376,0.5,Factoid,7,westTexasExplosion2013,Unknown
324745836888211456,0.75,Factoid,7,westTexasExplosion2013,Unknown
324745845285220352,0.25,News,15,westTexasExplosion2013,Unknown
324746252124307456,0.25,Sentiment,18,westTexasExplosion2013,Unknown
324746528965160960,0.5,MultimediaShare,13,westTexasExplosion2013,Unknown
378029784204206080,0.75,MultimediaShare,13,floodColorado2013,Unknown
378038458024865792,0.25,Sentiment,18,floodColorado2013,Unknown
378042534863192064,0.25,Discussion,4,floodColorado2013,Unknown
378046271996440576,0.75,EmergingThreats,6,floodColorado2013,Unknown
378047710659502080,0.25,Advice,1,floodColorado2013,Unknown
378054652215824384,0.75,MovePeople,12,floodColorado2013,Unknown
378054979380334592,0.5,FirstPartyObservation,8,floodColorado2013,Unknown
378056556413079552,0.75,ThirdPartyObservation,20,floodColorado2013,Unknown
378056971686932480,0.75,ServiceAvailable,19,floodColorado2013,Unknown
378057261081714688,0.5,MovePeople,12,floodColorado2013,Unknown
378059840569880576,0.75,Advice,1,floodColorado2013,Unknown
378061807681695744,0.25,Irrelevant,11,floodColorado2013,Unknown
378066689885077504,0.25,News,15,floodColorado2013,Unknown
378067142844747776,0.75,InformationWanted,10,floodColorado2013,Unknown
378069365855621120,0.75,FirstPartyObservation,8,floodColorado2013,Unknown
378069734916251648,0.5,Weather,23,floodColorado2013,Unknown
378071202931032064,0.75,Advice,1,floodColorado2013,Unknown
378072872280788992,0.75,MultimediaShare,13,floodColorado2013,Unknown
378073551749648384,0.5,Advice,1,floodColorado2013,Unknown
378079067255238656,0.25,News,15,floodColorado2013,Unknown
378079650250907648,0.5,News,15,floodColorado2013,Unknown
378086805771268096,0.25,News,15,floodColorado2013,Unknown
378095349547552768,0.75,Weather,23,floodColorado2013,Unknown
378097819992592384,0.5,Factoid,7,floodColorado2013,Unknown
378101922013532160,0.75,CleanUp,2,floodColorado2013,Unknown
378101930414710784,0.5,MultimediaShare,13,floodColorado2013,Unknown
378109257842827264,0.25,Sentiment,18,floodColorado2013,Unknown
378111510205464576,0.25,News,15,floodColorado2013,Unknown
378112919499579392,0.25,News,15,floodColorado2013,Unknown
378122012742668288,0.25,News,15,floodColorado2013,Unknown
378122033697402880,0.75,MultimediaShare,13,floodColorado2013,Unknown
378122948064067584,0.5,Factoid,7,floodColorado2013,Unknown
378127477928783872,0.75,MultimediaShare,13,floodColorado2013,Unknown
378128681677234176,0.5,Factoid,7,floodColorado2013,Unknown
378130011292979200,0.5,Advice,1,floodColorado2013,Unknown
378133446410784768,0.5,Factoid,7,floodColorado2013,Unknown
378133551272562688,0.25,News,15,floodColorado2013,Unknown
378134704710766592,0.5,Factoid,7,floodColorado2013,Unknown
378137582007496704,0.25,Irrelevant,11,floodColorado2013,Unknown
378137695240732672,0.25,Irrelevant,11,floodColorado2013,Unknown
378139846935457792,0.75,EmergingThreats,6,floodColorado2013,Unknown
378141524623912960,0.75,EmergingThreats,6,floodColorado2013,Unknown
378143550510088192,0.25,Discussion,4,floodColorado2013,Unknown
378147442786439168,0.75,MultimediaShare,13,floodColorado2013,Unknown
378150852793749504,0.5,Factoid,7,floodColorado2013,Unknown
378151544849305600,0.5,Donations,5,floodColorado2013,Unknown
378151578399559680,0.5,Factoid,7,floodColorado2013,Unknown
378158079579127808,1.0,EmergingThreats,6,floodColorado2013,Unknown
378159971210649600,0.5,News,15,floodColorado2013,Unknown
378161380462833664,0.25,News,15,floodColorado2013,Unknown
378164870157721600,0.25,Irrelevant,11,floodColorado2013,Unknown
378170578588291072,0.75,EmergingThreats,6,floodColorado2013,Unknown
378172612805152768,0.25,Factoid,7,floodColorado2013,Unknown
378173116125413376,0.5,Official,16,floodColorado2013,Unknown
378174277947645952,0.5,Advice,1,floodColorado2013,Unknown
378175691449069568,0.5,Advice,1,floodColorado2013,Unknown
378176358318628864,0.25,News,15,floodColorado2013,Unknown
378178619048087552,0.25,Sentiment,18,floodColorado2013,Unknown
378178661020495872,0.5,MultimediaShare,13,floodColorado2013,Unknown
378179877368631296,0.5,Discussion,4,floodColorado2013,Unknown
378181332792115200,0.25,News,15,floodColorado2013,Unknown
378183031460069376,0.5,Factoid,7,floodColorado2013,Unknown
378183627051237376,0.25,Sentiment,18,floodColorado2013,Unknown
378184214274768896,0.5,Discussion,4,floodColorado2013,Unknown
378184453362679808,0.5,Factoid,7,floodColorado2013,Unknown
378184491111841792,0.25,Irrelevant,11,floodColorado2013,Unknown
378186965726007296,0.5,Factoid,7,floodColorado2013,Unknown
378189641708351488,0.25,Unknown,21,floodColorado2013,Unknown
378191675941588992,0.5,Factoid,7,floodColorado2013,Unknown
378195434033782784,0.25,Sentiment,18,floodColorado2013,Unknown
378195668898021376,0.25,Irrelevant,11,floodColorado2013,Unknown
378197732508184576,0.25,Irrelevant,11,floodColorado2013,Unknown
378198479111073792,0.25,News,15,floodColorado2013,Unknown
378198986597093376,0.5,Factoid,7,floodColorado2013,Unknown
378201951969632256,0.5,Factoid,7,floodColorado2013,Unknown
378203231262093312,0.75,MultimediaShare,13,floodColorado2013,Unknown
378206808998821888,0.5,Hashtags,9,floodColorado2013,Unknown
378208105021976576,0.75,FirstPartyObservation,8,floodColorado2013,Unknown
378211338851344384,0.75,Weather,23,floodColorado2013,Unknown
378212785886224384,0.5,MultimediaShare,13,floodColorado2013,Unknown
378213377262108672,0.75,MovePeople,12,floodColorado2013,Unknown
378213784101203968,0.75,MovePeople,12,floodColorado2013,Unknown
378214128038318080,0.75,MovePeople,12,floodColorado2013,Unknown
378215919031308288,0.25,Irrelevant,11,floodColorado2013,Unknown
378216451670171648,0.25,Advice,1,floodColorado2013,Unknown
378219127640305664,0.5,MultimediaShare,13,floodColorado2013,Unknown
378219136033112064,0.75,EmergingThreats,6,floodColorado2013,Unknown
378220373365362688,0.5,Discussion,4,floodColorado2013,Unknown
378220553699463168,1.0,EmergingThreats,6,floodColorado2013,Unknown
378220914443157504,0.75,ServiceAvailable,19,floodColorado2013,Unknown
378221870731890688,0.75,EmergingThreats,6,floodColorado2013,Unknown
378222998995881984,0.5,MultimediaShare,13,floodColorado2013,Unknown
378223082869379072,0.75,MovePeople,12,floodColorado2013,Unknown
378224748016058368,0.5,Factoid,7,floodColorado2013,Unknown
378226123764547584,0.5,MultimediaShare,13,floodColorado2013,Unknown
379103282745991168,0.5,Factoid,7,floodColorado2013,Unknown
379105400856915968,0.5,Factoid,7,floodColorado2013,Unknown
379110102663700480,0.5,Factoid,7,floodColorado2013,Unknown
379111721665056768,0.5,Factoid,7,floodColorado2013,Unknown
379119284019941376,0.25,Sentiment,18,floodColorado2013,Unknown
379120898835349504,0.25,Irrelevant,11,floodColorado2013,Unknown
379122991780888576,0.25,ContextualInformation,3,floodColorado2013,Unknown
379126259143286784,0.5,Factoid,7,floodColorado2013,Unknown
379140385554964480,0.25,Sentiment,18,floodColorado2013,Unknown
379144416293695488,0.5,Factoid,7,floodColorado2013,Unknown
379157749990719488,0.25,OriginalEvent,17,floodColorado2013,Unknown
379167765976088576,0.25,News,15,floodColorado2013,Unknown
379211395138850816,0.25,Weather,23,floodColorado2013,Unknown
379213924287012864,0.25,Sentiment,18,floodColorado2013,Unknown
379217170670292992,0.25,Factoid,7,floodColorado2013,Unknown
379218143753035776,0.5,Factoid,7,floodColorado2013,Unknown
379222237393719296,0.5,Advice,1,floodColorado2013,Unknown
379225102115557376,0.25,News,15,floodColorado2013,Unknown
379226196841472000,0.25,Factoid,7,floodColorado2013,Unknown
379228499505995776,0.75,EmergingThreats,6,floodColorado2013,Unknown
379228814070407168,0.25,Irrelevant,11,floodColorado2013,Unknown
379231162876854272,0.25,News,15,floodColorado2013,Unknown
379235193586208768,0.25,Unknown,21,floodColorado2013,Unknown
379244509173125120,0.25,Factoid,7,floodColorado2013,Unknown
379244622414757888,0.25,Irrelevant,11,floodColorado2013,Unknown
379244903403749376,0.25,OriginalEvent,17,floodColorado2013,Unknown
379245721288851456,0.5,Advice,1,floodColorado2013,Unknown
379248464393023488,0.5,Factoid,7,floodColorado2013,Unknown
379251534631956480,0.5,Factoid,7,floodColorado2013,Unknown
379254877488041984,0.75,ServiceAvailable,19,floodColorado2013,Unknown
379264868286599168,0.25,Advice,1,floodColorado2013,Unknown
379266038526775296,0.25,News,15,floodColorado2013,Unknown
379269817603477504,0.25,News,15,floodColorado2013,Unknown
379277325377888256,0.25,News,15,floodColorado2013,Unknown
379281997836738560,0.25,Weather,23,floodColorado2013,Unknown
379284581548949504,0.25,Advice,1,floodColorado2013,Unknown
379287374947041280,0.75,MultimediaShare,13,floodColorado2013,Unknown
379287790166347776,0.75,FirstPartyObservation,8,floodColorado2013,Unknown
379288075387420672,0.5,Donations,5,floodColorado2013,Unknown
379288473863065600,0.75,NewSubEvent,14,floodColorado2013,Unknown
379288561939255296,0.25,Irrelevant,11,floodColorado2013,Unknown
379290814268338176,0.25,News,15,floodColorado2013,Unknown
379295625155575808,0.25,Irrelevant,11,floodColorado2013,Unknown
379302940000792576,0.25,Sentiment,18,floodColorado2013,Unknown
379303514607849472,0.25,News,15,floodColorado2013,Unknown
379306253501341696,0.5,Weather,23,floodColorado2013,Unknown
379313346060644352,0.5,MultimediaShare,13,floodColorado2013,Unknown
379314377876189184,0.25,Irrelevant,11,floodColorado2013,Unknown
379315556479807488,0.25,Irrelevant,11,floodColorado2013,Unknown
379325207543947264,0.25,Irrelevant,11,floodColorado2013,Unknown
379325744440041472,0.5,Advice,1,floodColorado2013,Unknown
379334183392251904,0.5,Donations,5,floodColorado2013,Unknown
379341879927504896,0.25,Irrelevant,11,floodColorado2013,Unknown
379347533828325376,0.75,ServiceAvailable,19,floodColorado2013,Unknown
379356052493312000,0.25,Irrelevant,11,floodColorado2013,Unknown
379357990261755904,0.5,MultimediaShare,13,floodColorado2013,Unknown
379358808134254592,0.75,ServiceAvailable,19,floodColorado2013,Unknown
379361337278988288,0.75,EmergingThreats,6,floodColorado2013,Unknown
379362016793604096,0.25,Irrelevant,11,floodColorado2013,Unknown
379363098915647488,0.25,Irrelevant,11,floodColorado2013,Unknown
379366240428384256,0.25,News,15,floodColorado2013,Unknown
379367024784203776,0.25,Irrelevant,11,floodColorado2013,Unknown
379367666500108288,0.25,Irrelevant,11,floodColorado2013,Unknown
379370296337113088,0.25,Irrelevant,11,floodColorado2013,Unknown
379370464121876480,0.5,MultimediaShare,13,floodColorado2013,Unknown
379370682217271296,0.75,EmergingThreats,6,floodColorado2013,Unknown
379371030315159552,0.75,MultimediaShare,13,floodColorado2013,Unknown
379373546901749760,0.75,FirstPartyObservation,8,floodColorado2013,Unknown
379377925767700480,0.25,News,15,floodColorado2013,Unknown
379378227774754816,0.5,Factoid,7,floodColorado2013,Unknown
379379666412249088,0.25,Irrelevant,11,floodColorado2013,Unknown
379380798882709504,0.5,Factoid,7,floodColorado2013,Unknown
379385865597775872,0.25,News,15,floodColorado2013,Unknown
379385957843083264,0.25,News,15,floodColorado2013,Unknown
379387966948257792,0.75,EmergingThreats,6,floodColorado2013,Unknown
379388977775513600,0.25,Sentiment,18,floodColorado2013,Unknown
379388998742843392,0.25,Discussion,4,floodColorado2013,Unknown
379391708271620096,0.5,Factoid,7,floodColorado2013,Unknown
379396951113859072,0.5,MultimediaShare,13,floodColorado2013,Unknown
379399283163664384,0.75,InformationWanted,10,floodColorado2013,Unknown
379410586817527808,0.75,InformationWanted,10,floodColorado2013,Unknown
379412612653387776,0.75,FirstPartyObservation,8,floodColorado2013,Unknown
379415850660687872,0.25,News,15,floodColorado2013,Unknown
379416379150987264,0.25,News,15,floodColorado2013,Unknown
379422980998045696,0.25,News,15,floodColorado2013,Unknown
379425505973256192,0.25,News,15,floodColorado2013,Unknown
379426239947481088,0.75,MultimediaShare,13,floodColorado2013,Unknown
379428379050520576,0.25,Irrelevant,11,floodColorado2013,Unknown
396263979762196480,0.25,Irrelevant,11,laAirportShooting2013,Unknown
396313082466541568,0.75,NewSubEvent,14,laAirportShooting2013,Unknown
396314030383443968,0.75,InformationWanted,10,laAirportShooting2013,Unknown
396315108311199744,1.0,NewSubEvent,14,laAirportShooting2013,Unknown
396315620050223104,1.0,NewSubEvent,14,laAirportShooting2013,Unknown
396317146751307776,0.25,Discussion,4,laAirportShooting2013,Unknown
396317331330433024,0.75,FirstPartyObservation,8,laAirportShooting2013,Unknown
396317406798553088,0.5,ThirdPartyObservation,20,laAirportShooting2013,Unknown
396317671035129856,0.75,Factoid,7,laAirportShooting2013,Unknown
396317725556887552,0.75,Factoid,7,laAirportShooting2013,Unknown
396318216299229184,0.75,NewSubEvent,14,laAirportShooting2013,Unknown
396318312759455744,0.75,ThirdPartyObservation,20,laAirportShooting2013,Unknown
396318430229315584,0.25,News,15,laAirportShooting2013,Unknown
396318484759871488,0.25,News,15,laAirportShooting2013,Unknown
396318828675616768,0.75,Factoid,7,laAirportShooting2013,Unknown
396319063577985024,0.25,News,15,laAirportShooting2013,Unknown
396319248101822464,0.25,News,15,laAirportShooting2013,Unknown
396319382345097216,0.75,Factoid,7,laAirportShooting2013,Unknown
396319441031811072,0.5,Factoid,7,laAirportShooting2013,Unknown
396319692694233088,0.25,ThirdPartyObservation,20,laAirportShooting2013,Unknown
396319856275906560,0.25,Discussion,4,laAirportShooting2013,Unknown
396320086950019072,0.5,Official,16,laAirportShooting2013,Unknown
396320099537137664,0.25,News,15,laAirportShooting2013,Unknown
396320305083211776,0.25,Sentiment,18,laAirportShooting2013,Unknown
396320422507315200,0.25,News,15,laAirportShooting2013,Unknown
396320472864129024,0.25,News,15,laAirportShooting2013,Unknown
396320976155475968,0.25,News,15,laAirportShooting2013,Unknown
396320992936460288,0.25,News,15,laAirportShooting2013,Unknown
396321135538606080,0.5,News,15,laAirportShooting2013,Unknown
396321395581272064,0.5,Official,16,laAirportShooting2013,Unknown
396321684992434176,0.25,News,15,laAirportShooting2013,Unknown
396321693368856576,0.25,Sentiment,18,laAirportShooting2013,Unknown
396321789858836480,0.25,News,15,laAirportShooting2013,Unknown
396322108625936384,0.5,Official,16,laAirportShooting2013,Unknown
396322142184169472,0.75,Advice,1,laAirportShooting2013,Unknown
396322691629977600,0.25,News,15,laAirportShooting2013,Unknown
396323056534421504,0.25,Unknown,21,laAirportShooting2013,Unknown
396323685671264256,0.5,Official,16,laAirportShooting2013,Unknown
396323811521736704,0.25,News,15,laAirportShooting2013,Unknown
396323983475609600,0.25,Sentiment,18,laAirportShooting2013,Unknown
396324021211762688,0.75,ThirdPartyObservation,20,laAirportShooting2013,Unknown
396324054774599680,0.5,FirstPartyObservation,8,laAirportShooting2013,Unknown
396324432278716416,0.25,Sentiment,18,laAirportShooting2013,Unknown
396324470022864896,0.5,NewSubEvent,14,laAirportShooting2013,Unknown
396324570682372096,0.5,NewSubEvent,14,laAirportShooting2013,Unknown
396324801360322560,0.75,Factoid,7,laAirportShooting2013,Unknown
396324805554622464,0.25,News,15,laAirportShooting2013,Unknown
396324956537368576,0.75,Factoid,7,laAirportShooting2013,Unknown
396325015273996288,0.25,News,15,laAirportShooting2013,Unknown
396325057204465664,0.25,ContextualInformation,3,laAirportShooting2013,Unknown
396325107569672192,0.25,Sentiment,18,laAirportShooting2013,Unknown
396325115949883392,0.25,News,15,laAirportShooting2013,Unknown
396325174641172480,0.25,News,15,laAirportShooting2013,Unknown
396325174657552384,0.25,News,15,laAirportShooting2013,Unknown
396325199827988480,0.25,News,15,laAirportShooting2013,Unknown
396325208203988992,0.25,News,15,laAirportShooting2013,Unknown
396325233394581504,0.75,Factoid,7,laAirportShooting2013,Unknown
396325518573703168,0.25,News,15,laAirportShooting2013,Unknown
396325535376101376,0.5,News,15,laAirportShooting2013,Unknown
396325573099651072,0.25,News,15,laAirportShooting2013,Unknown
396325661213982720,0.25,News,15,laAirportShooting2013,Unknown
396325740871827456,0.25,News,15,laAirportShooting2013,Unknown
396325774455627776,0.25,News,15,laAirportShooting2013,Unknown
396325787043106816,0.25,News,15,laAirportShooting2013,Unknown
396325912871849984,0.25,ContextualInformation,3,laAirportShooting2013,Unknown
396326323892649984,0.25,Sentiment,18,laAirportShooting2013,Unknown
396326328074399744,0.25,News,15,laAirportShooting2013,Unknown
396326453932851200,0.25,Irrelevant,11,laAirportShooting2013,Unknown
396326583935307776,0.25,Sentiment,18,laAirportShooting2013,Unknown
396326609118322688,0.75,NewSubEvent,14,laAirportShooting2013,Unknown
396326701392994304,0.25,Sentiment,18,laAirportShooting2013,Unknown
396326705599508480,0.5,Factoid,7,laAirportShooting2013,Unknown
396326722347761664,0.75,MultimediaShare,13,laAirportShooting2013,Unknown
396326747538333696,0.5,Factoid,7,laAirportShooting2013,Unknown
396326869169352704,0.25,News,15,laAirportShooting2013,Unknown
396327221494702080,0.25,News,15,laAirportShooting2013,Unknown
396327338927222784,0.25,News,15,laAirportShooting2013,Unknown
396327431188910080,0.75,FirstPartyObservation,8,laAirportShooting2013,Unknown
396327452164628480,0.25,Irrelevant,11,laAirportShooting2013,Unknown
396327489922138112,0.75,FirstPartyObservation,8,laAirportShooting2013,Unknown
396327716426756096,0.25,Sentiment,18,laAirportShooting2013,Unknown
396327875789324288,0.5,MultimediaShare,13,laAirportShooting2013,Unknown
396327926104215552,0.25,News,15,laAirportShooting2013,Unknown
396328030986985472,0.75,Advice,1,laAirportShooting2013,Unknown
396328173597507584,0.5,MultimediaShare,13,laAirportShooting2013,Unknown
396328744027049984,0.25,Hashtags,9,laAirportShooting2013,Unknown
396329243128659968,0.5,Discussion,4,laAirportShooting2013,Unknown
396329276691464192,0.25,Irrelevant,11,laAirportShooting2013,Unknown
396329339622420480,0.25,News,15,laAirportShooting2013,Unknown
396329515766808576,0.25,News,15,laAirportShooting2013,Unknown
396329662584217600,0.25,News,15,laAirportShooting2013,Unknown
396329687720669184,0.5,MultimediaShare,13,laAirportShooting2013,Unknown
396329951978586112,0.25,Discussion,4,laAirportShooting2013,Unknown
396330455303475200,0.25,Sentiment,18,laAirportShooting2013,Unknown
396330685989797888,0.25,ContextualInformation,3,laAirportShooting2013,Unknown
396330967003971584,0.25,News,15,laAirportShooting2013,Unknown
396331004753092608,0.25,News,15,laAirportShooting2013,Unknown
396331155718688768,0.5,Factoid,7,laAirportShooting2013,Unknown
396331222860709888,0.75,Factoid,7,laAirportShooting2013,Unknown
396331482911735808,0.25,Advice,1,laAirportShooting2013,Unknown
396331692605964288,0.25,News,15,laAirportShooting2013,Unknown
396331763925913600,0.25,News,15,laAirportShooting2013,Unknown
396331893920374784,0.25,News,15,laAirportShooting2013,Unknown
396331961058209792,0.25,Advice,1,laAirportShooting2013,Unknown
396331973607964672,0.25,News,15,laAirportShooting2013,Unknown
396332221084086272,0.25,MultimediaShare,13,laAirportShooting2013,Unknown
396332476932829184,0.25,ContextualInformation,3,laAirportShooting2013,Unknown
396332820878336000,0.25,MultimediaShare,13,laAirportShooting2013,Unknown
396332896392204288,0.25,Irrelevant,11,laAirportShooting2013,Unknown
396333148029861888,0.25,Irrelevant,11,laAirportShooting2013,Unknown
396333361926782976,0.25,News,15,laAirportShooting2013,Unknown
396333374530654208,0.25,Sentiment,18,laAirportShooting2013,Unknown
396333710066606080,0.5,MultimediaShare,13,laAirportShooting2013,Unknown
396334091768832000,0.25,News,15,laAirportShooting2013,Unknown
396334427313561600,0.5,Factoid,7,laAirportShooting2013,Unknown
396334645400178688,0.25,Sentiment,18,laAirportShooting2013,Unknown
396334704112058368,0.25,News,15,laAirportShooting2013,Unknown
396334725075570688,0.25,Unknown,21,laAirportShooting2013,Unknown
396334880260624384,0.25,ContextualInformation,3,laAirportShooting2013,Unknown
396334947394674688,0.25,Factoid,7,laAirportShooting2013,Unknown
396335329076318208,0.25,Factoid,7,laAirportShooting2013,Unknown
396335333257654272,0.25,Discussion,4,laAirportShooting2013,Unknown
396335475881181184,0.5,Factoid,7,laAirportShooting2013,Unknown
396335492666773504,0.25,News,15,laAirportShooting2013,Unknown
396335685570793472,0.25,Advice,1,laAirportShooting2013,Unknown
396335786263871488,0.25,Discussion,4,laAirportShooting2013,Unknown
396335865926262784,0.25,News,15,laAirportShooting2013,Unknown
396335979167903744,0.25,News,15,laAirportShooting2013,Unknown
396336012726525952,0.25,News,15,laAirportShooting2013,Unknown
396336079856345088,0.25,News,15,laAirportShooting2013,Unknown
396336243442589696,0.25,News,15,laAirportShooting2013,Unknown
396336297968562176,0.25,Factoid,7,laAirportShooting2013,Unknown
396336394429562880,0.25,News,15,laAirportShooting2013,Unknown
