,tweet_id,priority,category,postCategories_x,eventID,eventType,matchedName
0,211565974422425600,0.75,serviceavailable,19,fireColorado2012,Unknown,[]
1,211654415503990784,0.5,news,15,fireColorado2012,Unknown,[]
2,211681309368655872,0.25,news,15,fireColorado2012,Unknown,['informationwanted']
3,211685621125742592,0.25,official,16,fireColorado2012,Unknown,['volunteer']
4,211877049147736064,0.25,factoid,7,fireColorado2012,Unknown,['donations']
5,211884082991333376,0.75,firstpartyobservation,8,fireColorado2012,Unknown,['movepeople']
6,211893016892424192,0.5,factoid,7,fireColorado2012,Unknown,['firstpartyobservation']
7,211904811250089984,0.5,newsubevent,14,fireColorado2012,Unknown,['thirdpartyobservation']
8,211910322582335488,0.75,serviceavailable,19,fireColorado2012,Unknown,['weather']
9,211964198396231680,0.5,movepeople,12,fireColorado2012,Unknown,[]
10,212000114246553600,0.5,multimediashare,13,fireColorado2012,Unknown,['emergingthreats']
11,212032414564880384,0.5,multimediashare,13,fireColorado2012,Unknown,['newsubevent']
12,212099863171710976,0.25,news,15,fireColorado2012,Unknown,['multimediashare']
13,212137133736075264,0.25,news,15,fireColorado2012,Unknown,['serviceavailable']
14,212158197543337984,0.25,factoid,7,fireColorado2012,Unknown,['factoid']
15,212169203422199808,0.25,sentiment,18,fireColorado2012,Unknown,['official']
16,212176367289253888,0.25,sentiment,18,fireColorado2012,Unknown,['news']
17,212197095518633984,0.25,discussion,4,fireColorado2012,Unknown,['cleanup']
18,212201952547840000,0.25,irrelevant,11,fireColorado2012,Unknown,['hashtags']
19,212202460046049280,0.5,factoid,7,fireColorado2012,Unknown,['originalevent']
20,212214560617275392,0.25,irrelevant,11,fireColorado2012,Unknown,['contextualinformation']
21,212227898512388096,0.25,sentiment,18,fireColorado2012,Unknown,['advice']
22,212231669170716672,0.25,sentiment,18,fireColorado2012,Unknown,['sentiment']
23,212242750534451200,0.5,volunteer,22,fireColorado2012,Unknown,['discussion']
24,212298199229149184,0.25,news,15,fireColorado2012,Unknown,['irrelevant']
25,212306336183091200,0.25,news,15,fireColorado2012,Unknown,
26,212311994286620672,0.0,multimediashare,13,fireColorado2012,Unknown,
27,212315735609966592,0.5,factoid,7,fireColorado2012,Unknown,
28,212319443383103488,0.25,irrelevant,11,fireColorado2012,Unknown,
29,212337210442264576,0.75,thirdpartyobservation,20,fireColorado2012,Unknown,
30,212373109477617664,0.25,factoid,7,fireColorado2012,Unknown,
31,212384295719931904,0.5,factoid,7,fireColorado2012,Unknown,
32,212414263984275456,0.25,news,15,fireColorado2012,Unknown,
33,212429443170435072,0.25,unknown,21,fireColorado2012,Unknown,
34,212452734148939776,0.5,factoid,7,fireColorado2012,Unknown,
35,212462741770862592,0.25,news,15,fireColorado2012,Unknown,
36,212525333348491264,0.25,news,15,fireColorado2012,Unknown,
37,212552860590813184,0.5,multimediashare,13,fireColorado2012,Unknown,
38,212559890248499200,0.5,factoid,7,fireColorado2012,Unknown,
39,212587354542706688,0.25,news,15,fireColorado2012,Unknown,
40,212590940664238080,0.25,sentiment,18,fireColorado2012,Unknown,
41,212595864772952064,0.25,irrelevant,11,fireColorado2012,Unknown,
42,212604953846480896,0.25,irrelevant,11,fireColorado2012,Unknown,
43,212617058616225792,0.5,multimediashare,13,fireColorado2012,Unknown,
44,212617469645438976,0.25,news,15,fireColorado2012,Unknown,
45,212659349779267584,0.25,irrelevant,11,fireColorado2012,Unknown,
46,212678790353137664,0.75,emergingthreats,6,fireColorado2012,Unknown,
47,212679595655299072,0.5,serviceavailable,19,fireColorado2012,Unknown,
48,212692916794163200,0.25,discussion,4,fireColorado2012,Unknown,
49,212824504689360896,0.25,news,15,fireColorado2012,Unknown,
50,212841818780467200,0.25,news,15,fireColorado2012,Unknown,
51,212847581733208064,0.25,news,15,fireColorado2012,Unknown,
52,212887096262791168,0.25,news,15,fireColorado2012,Unknown,
53,213003463032963072,0.25,news,15,fireColorado2012,Unknown,
54,213007598637678592,0.25,news,15,fireColorado2012,Unknown,
55,213015790109196288,0.5,multimediashare,13,fireColorado2012,Unknown,
56,213070509003374592,0.5,factoid,7,fireColorado2012,Unknown,
57,213125177540739072,0.25,irrelevant,11,fireColorado2012,Unknown,
58,213138934887223296,0.25,multimediashare,13,fireColorado2012,Unknown,
59,213275195224494080,0.5,donations,5,fireColorado2012,Unknown,
60,213303712284811264,0.75,official,16,fireColorado2012,Unknown,
61,213307550081359872,0.25,irrelevant,11,fireColorado2012,Unknown,
62,213336062980915200,0.5,official,16,fireColorado2012,Unknown,
63,213356292113305600,0.5,weather,23,fireColorado2012,Unknown,
64,213391209673134080,0.25,factoid,7,fireColorado2012,Unknown,
65,213413158474358784,0.25,sentiment,18,fireColorado2012,Unknown,
66,213416409043181568,0.25,news,15,fireColorado2012,Unknown,
67,213469647377408000,0.25,factoid,7,fireColorado2012,Unknown,
68,213470175830351872,0.25,news,15,fireColorado2012,Unknown,
69,213553466344341504,0.25,factoid,7,fireColorado2012,Unknown,
70,213597628162777088,0.25,news,15,fireColorado2012,Unknown,
71,213627768435519488,0.5,factoid,7,fireColorado2012,Unknown,
72,213671603081457664,0.25,news,15,fireColorado2012,Unknown,
73,213689735082807296,0.5,advice,1,fireColorado2012,Unknown,
74,213748442739118080,0.5,donations,5,fireColorado2012,Unknown,
75,213751626211667968,0.5,factoid,7,fireColorado2012,Unknown,
76,213824988795518976,0.5,multimediashare,13,fireColorado2012,Unknown,
77,213967951626383360,0.25,factoid,7,fireColorado2012,Unknown,
78,214012344139911168,0.75,emergingthreats,6,fireColorado2012,Unknown,
79,214044891943145472,0.25,irrelevant,11,fireColorado2012,Unknown,
80,214182184104370176,0.25,news,15,fireColorado2012,Unknown,
81,214194607657992192,0.5,factoid,7,fireColorado2012,Unknown,
82,214201167515885568,0.25,news,15,fireColorado2012,Unknown,
83,214226740220928000,0.25,news,15,fireColorado2012,Unknown,
84,214349314556821504,0.25,news,15,fireColorado2012,Unknown,
85,214350006621192192,0.25,irrelevant,11,fireColorado2012,Unknown,
86,214385830171648000,0.25,factoid,7,fireColorado2012,Unknown,
87,214425449537867776,0.75,newsubevent,14,fireColorado2012,Unknown,
88,214426300994162688,0.75,newsubevent,14,fireColorado2012,Unknown,
89,214479962911154176,0.25,irrelevant,11,fireColorado2012,Unknown,
90,214490071183802368,0.5,multimediashare,13,fireColorado2012,Unknown,
91,214570425664024576,0.5,multimediashare,13,fireColorado2012,Unknown,
92,214794103693643776,0.75,weather,23,fireColorado2012,Unknown,
93,214826689233027072,0.25,news,15,fireColorado2012,Unknown,
94,214850416427548672,0.25,news,15,fireColorado2012,Unknown,
95,214886101553397760,0.5,factoid,7,fireColorado2012,Unknown,
96,214949230027096064,0.75,firstpartyobservation,8,fireColorado2012,Unknown,
97,215023850889547776,0.25,factoid,7,fireColorado2012,Unknown,
98,215062358802968576,0.5,multimediashare,13,fireColorado2012,Unknown,
99,215119355187445760,0.25,news,15,fireColorado2012,Unknown,
100,215138435093110784,0.5,donations,5,fireColorado2012,Unknown,
101,215174099247435776,0.25,irrelevant,11,fireColorado2012,Unknown,
102,215249416393719808,0.5,donations,5,fireColorado2012,Unknown,
103,215317343130238976,0.25,news,15,fireColorado2012,Unknown,
104,215352826958843904,0.25,factoid,7,fireColorado2012,Unknown,
105,215465313989427200,0.5,factoid,7,fireColorado2012,Unknown,
106,215578157523275776,0.25,news,15,fireColorado2012,Unknown,
107,215763893904089088,0.5,cleanup,2,fireColorado2012,Unknown,
108,215821620097462272,0.25,irrelevant,11,fireColorado2012,Unknown,
109,215855174546231296,0.75,weather,23,fireColorado2012,Unknown,
110,215869691003011072,0.75,donations,5,fireColorado2012,Unknown,
111,216305818927251456,0.75,movepeople,12,fireColorado2012,Unknown,
112,216336307352371200,0.5,multimediashare,13,fireColorado2012,Unknown,
113,216349737488621568,0.5,multimediashare,13,fireColorado2012,Unknown,
114,216366107873914880,0.5,multimediashare,13,fireColorado2012,Unknown,
115,216550187492057088,0.5,donations,5,fireColorado2012,Unknown,
116,216608731599872000,0.25,irrelevant,11,fireColorado2012,Unknown,
117,216650766893596672,0.25,irrelevant,11,fireColorado2012,Unknown,
118,216664859759214592,0.5,hashtags,9,fireColorado2012,Unknown,
119,216685898392276992,0.75,serviceavailable,19,fireColorado2012,Unknown,
120,216743465193713664,0.25,irrelevant,11,fireColorado2012,Unknown,
121,216749215613857792,0.25,unknown,21,fireColorado2012,Unknown,
122,216759722336980992,0.5,multimediashare,13,fireColorado2012,Unknown,
123,216774209446215680,0.75,movepeople,12,fireColorado2012,Unknown,
124,216868350607884288,0.25,news,15,fireColorado2012,Unknown,
125,216900122443923456,0.25,news,15,fireColorado2012,Unknown,
126,216951989232349184,0.75,weather,23,fireColorado2012,Unknown,
127,216961334129078272,0.25,discussion,4,fireColorado2012,Unknown,
128,216979315110318080,0.25,discussion,4,fireColorado2012,Unknown,
129,216983274558464000,0.75,newsubevent,14,fireColorado2012,Unknown,
130,216984293770141696,0.75,newsubevent,14,fireColorado2012,Unknown,
131,217008167752699904,0.5,multimediashare,13,fireColorado2012,Unknown,
132,217039595639029760,0.25,sentiment,18,fireColorado2012,Unknown,
133,217048223334932480,0.25,news,15,fireColorado2012,Unknown,
134,217088622871060480,0.25,irrelevant,11,fireColorado2012,Unknown,
135,217103105794375680,0.25,irrelevant,11,fireColorado2012,Unknown,
136,217276200555528192,0.5,multimediashare,13,fireColorado2012,Unknown,
137,217352981446787072,0.25,factoid,7,fireColorado2012,Unknown,
138,217393586537377792,0.75,advice,1,fireColorado2012,Unknown,
139,217420929200959488,0.5,thirdpartyobservation,20,fireColorado2012,Unknown,
140,217429728829784064,0.5,multimediashare,13,fireColorado2012,Unknown,
141,217479968219873280,0.5,multimediashare,13,fireColorado2012,Unknown,
142,217481515918049280,0.25,donations,5,fireColorado2012,Unknown,
143,217569856327909376,0.25,factoid,7,fireColorado2012,Unknown,
144,217634977108602880,0.25,irrelevant,11,fireColorado2012,Unknown,
145,217679969407602688,0.25,sentiment,18,fireColorado2012,Unknown,
146,217691780571856896,0.75,newsubevent,14,fireColorado2012,Unknown,
147,217707215602192384,0.25,irrelevant,11,fireColorado2012,Unknown,
148,217724286427860992,0.5,multimediashare,13,fireColorado2012,Unknown,
149,217732012314861568,0.5,firstpartyobservation,8,fireColorado2012,Unknown,
150,217733576786055168,0.5,multimediashare,13,fireColorado2012,Unknown,
151,217742238061563904,0.25,news,15,fireColorado2012,Unknown,
152,217746356842926080,0.5,multimediashare,13,fireColorado2012,Unknown,
153,243203924050448384,0.25,originalevent,17,costaRicaEarthquake2012,Unknown,
154,243361642447007744,0.5,news,15,costaRicaEarthquake2012,Unknown,
155,243361697002299392,0.25,originalevent,17,costaRicaEarthquake2012,Unknown,
156,243361759912681472,0.25,originalevent,17,costaRicaEarthquake2012,Unknown,
157,243362053518131200,0.25,official,16,costaRicaEarthquake2012,Unknown,
158,243362288403369984,0.25,originalevent,17,costaRicaEarthquake2012,Unknown,
159,243362649100931072,0.25,originalevent,17,costaRicaEarthquake2012,Unknown,
160,243362783322861568,0.25,official,16,costaRicaEarthquake2012,Unknown,
161,243362997215571968,0.25,official,16,costaRicaEarthquake2012,Unknown,
162,243363055944232960,0.25,originalevent,17,costaRicaEarthquake2012,Unknown,
163,243363244704677888,0.25,originalevent,17,costaRicaEarthquake2012,Unknown,
164,243363487944937472,0.25,originalevent,17,costaRicaEarthquake2012,Unknown,
165,243363672506896384,0.25,official,16,costaRicaEarthquake2012,Unknown,
166,243363680916488192,0.25,originalevent,17,costaRicaEarthquake2012,Unknown,
167,243363781554606080,0.75,official,16,costaRicaEarthquake2012,Unknown,
168,243363907387928576,0.25,news,15,costaRicaEarthquake2012,Unknown,
169,243364184228757504,0.25,official,16,costaRicaEarthquake2012,Unknown,
170,243364263891189760,0.25,originalevent,17,costaRicaEarthquake2012,Unknown,
171,243364704293117952,0.25,originalevent,17,costaRicaEarthquake2012,Unknown,
172,243365165695922176,0.25,originalevent,17,costaRicaEarthquake2012,Unknown,
173,243365824180662272,0.25,sentiment,18,costaRicaEarthquake2012,Unknown,
174,243366767903264768,0.5,official,16,costaRicaEarthquake2012,Unknown,
175,243367116034670592,0.75,newsubevent,14,costaRicaEarthquake2012,Unknown,
176,243367720022855680,0.25,originalevent,17,costaRicaEarthquake2012,Unknown,
177,243367816496029696,0.25,originalevent,17,costaRicaEarthquake2012,Unknown,
178,243368005214552064,0.75,newsubevent,14,costaRicaEarthquake2012,Unknown,
179,243368013594779648,0.25,originalevent,17,costaRicaEarthquake2012,Unknown,
180,243368294621532160,0.75,thirdpartyobservation,20,costaRicaEarthquake2012,Unknown,
181,243368693072023552,0.25,official,16,costaRicaEarthquake2012,Unknown,
182,243369645195792384,0.25,official,16,costaRicaEarthquake2012,Unknown,
183,243369833931104256,0.5,news,15,costaRicaEarthquake2012,Unknown,
184,243370110771945472,0.25,originalevent,17,costaRicaEarthquake2012,Unknown,
185,243370358244274176,0.25,originalevent,17,costaRicaEarthquake2012,Unknown,
186,243370475663806464,0.25,originalevent,17,costaRicaEarthquake2012,Unknown,
187,243370685391597568,0.25,originalevent,17,costaRicaEarthquake2012,Unknown,
188,243371167740747776,0.25,originalevent,17,costaRicaEarthquake2012,Unknown,
189,243371243221426176,0.25,originalevent,17,costaRicaEarthquake2012,Unknown,
190,243371809460854784,0.25,originalevent,17,costaRicaEarthquake2012,Unknown,
191,243371897553817600,0.25,irrelevant,11,costaRicaEarthquake2012,Unknown,
192,243371905946615808,0.25,originalevent,17,costaRicaEarthquake2012,Unknown,
193,243371989832695808,0.75,official,16,costaRicaEarthquake2012,Unknown,
194,243372056903815168,0.5,newsubevent,14,costaRicaEarthquake2012,Unknown,
195,243372182737154048,0.25,news,15,costaRicaEarthquake2012,Unknown,
196,243372363088003072,0.25,news,15,costaRicaEarthquake2012,Unknown,
197,243372774167552000,0.25,originalevent,17,costaRicaEarthquake2012,Unknown,
198,243373562663161856,0.25,originalevent,17,costaRicaEarthquake2012,Unknown,
199,243373805941182464,0.25,originalevent,17,costaRicaEarthquake2012,Unknown,
200,243374590288592896,0.25,originalevent,17,costaRicaEarthquake2012,Unknown,
201,243375215244095488,0.25,originalevent,17,costaRicaEarthquake2012,Unknown,
202,243375504625905664,0.25,official,16,costaRicaEarthquake2012,Unknown,
203,243375546594119680,0.75,emergingthreats,6,costaRicaEarthquake2012,Unknown,
204,243375571747360768,0.75,newsubevent,14,costaRicaEarthquake2012,Unknown,
205,243375852753141760,0.75,unknown,21,costaRicaEarthquake2012,Unknown,
206,243376070861144064,0.25,irrelevant,11,costaRicaEarthquake2012,Unknown,
207,243376377057902592,1.0,emergingthreats,6,costaRicaEarthquake2012,Unknown,
208,243376779690123264,0.25,originalevent,17,costaRicaEarthquake2012,Unknown,
209,243376792289828864,0.25,originalevent,17,costaRicaEarthquake2012,Unknown,
210,243377224290562048,0.25,originalevent,17,costaRicaEarthquake2012,Unknown,
211,243377597612969984,0.5,factoid,7,costaRicaEarthquake2012,Unknown,
212,243377601790480384,0.5,factoid,7,costaRicaEarthquake2012,Unknown,
213,243377631142215680,0.25,originalevent,17,costaRicaEarthquake2012,Unknown,
214,243377807307190272,0.75,multimediashare,13,costaRicaEarthquake2012,Unknown,
215,243377979273666560,0.5,official,16,costaRicaEarthquake2012,Unknown,
216,243378377719955456,0.5,newsubevent,14,costaRicaEarthquake2012,Unknown,
217,243378847502962688,0.5,official,16,costaRicaEarthquake2012,Unknown,
218,243379346616770560,0.25,news,15,costaRicaEarthquake2012,Unknown,
219,243379438908219392,0.25,originalevent,17,costaRicaEarthquake2012,Unknown,
220,243379824775819264,0.5,thirdpartyobservation,20,costaRicaEarthquake2012,Unknown,
221,243380223213711360,0.25,originalevent,17,costaRicaEarthquake2012,Unknown,
222,243381145994133504,0.5,factoid,7,costaRicaEarthquake2012,Unknown,
223,243381598978981888,0.25,originalevent,17,costaRicaEarthquake2012,Unknown,
224,243382324589367296,0.5,factoid,7,costaRicaEarthquake2012,Unknown,
225,243383138254999552,0.25,contextualinformation,3,costaRicaEarthquake2012,Unknown,
226,243383633216409600,0.25,originalevent,17,costaRicaEarthquake2012,Unknown,
227,243383729668640768,0.25,originalevent,17,costaRicaEarthquake2012,Unknown,
228,243383784194580480,0.25,originalevent,17,costaRicaEarthquake2012,Unknown,
229,243384031645925376,0.25,official,16,costaRicaEarthquake2012,Unknown,
230,243384174285844480,0.25,originalevent,17,costaRicaEarthquake2012,Unknown,
231,243384476254756864,0.25,news,15,costaRicaEarthquake2012,Unknown,
232,243385008943923200,0.25,originalevent,17,costaRicaEarthquake2012,Unknown,
233,243388116906426368,0.25,originalevent,17,costaRicaEarthquake2012,Unknown,
234,243389396185931776,0.25,originalevent,17,costaRicaEarthquake2012,Unknown,
235,243389861741068288,0.25,originalevent,17,costaRicaEarthquake2012,Unknown,
236,243390297936130048,0.5,official,16,costaRicaEarthquake2012,Unknown,
237,243390360884232192,0.5,official,16,costaRicaEarthquake2012,Unknown,
238,243390792889163776,0.25,originalevent,17,costaRicaEarthquake2012,Unknown,
239,243391937929945088,0.25,originalevent,17,costaRicaEarthquake2012,Unknown,
240,243393980551811072,0.25,originalevent,17,costaRicaEarthquake2012,Unknown,
241,243394387386703872,0.25,irrelevant,11,costaRicaEarthquake2012,Unknown,
242,243394697765199872,0.5,news,15,costaRicaEarthquake2012,Unknown,
243,243396241285861376,0.25,originalevent,17,costaRicaEarthquake2012,Unknown,
244,243397562474844160,0.25,official,16,costaRicaEarthquake2012,Unknown,
245,243397809968140288,0.25,originalevent,17,costaRicaEarthquake2012,Unknown,
246,243397910606274560,0.25,irrelevant,11,costaRicaEarthquake2012,Unknown,
247,243398938219139072,0.25,originalevent,17,costaRicaEarthquake2012,Unknown,
248,243401379312459776,0.25,originalevent,17,costaRicaEarthquake2012,Unknown,
249,243403535193096192,0.5,thirdpartyobservation,20,costaRicaEarthquake2012,Unknown,
250,243405867192561664,0.25,irrelevant,11,costaRicaEarthquake2012,Unknown,
251,243408136311029760,0.25,sentiment,18,costaRicaEarthquake2012,Unknown,
252,243409243628257280,0.75,factoid,7,costaRicaEarthquake2012,Unknown,
253,243409293934723072,0.75,factoid,7,costaRicaEarthquake2012,Unknown,
254,243410216681619456,0.5,multimediashare,13,costaRicaEarthquake2012,Unknown,
255,243411898605907968,0.5,factoid,7,costaRicaEarthquake2012,Unknown,
256,243413102383755264,0.25,sentiment,18,costaRicaEarthquake2012,Unknown,
257,243414822031589376,0.25,originalevent,17,costaRicaEarthquake2012,Unknown,
258,243417254748893184,0.25,news,15,costaRicaEarthquake2012,Unknown,
259,243419578393321472,0.25,news,15,costaRicaEarthquake2012,Unknown,
260,243425169387970560,0.25,irrelevant,11,costaRicaEarthquake2012,Unknown,
261,243425253286637568,0.25,sentiment,18,costaRicaEarthquake2012,Unknown,
262,243426079547723776,0.25,originalevent,17,costaRicaEarthquake2012,Unknown,
263,243427237188210688,0.75,factoid,7,costaRicaEarthquake2012,Unknown,
264,243431494389993472,0.25,originalevent,17,costaRicaEarthquake2012,Unknown,
265,243433738351022080,0.25,sentiment,18,costaRicaEarthquake2012,Unknown,
266,243436699517071360,0.25,originalevent,17,costaRicaEarthquake2012,Unknown,
267,243437060227223552,0.25,originalevent,17,costaRicaEarthquake2012,Unknown,
268,243443297190821888,0.25,originalevent,17,costaRicaEarthquake2012,Unknown,
269,243444878439231488,0.25,originalevent,17,costaRicaEarthquake2012,Unknown,
270,243455976546656256,0.25,news,15,costaRicaEarthquake2012,Unknown,
271,243467544449662976,0.5,serviceavailable,19,costaRicaEarthquake2012,Unknown,
272,243478848094756864,0.75,firstpartyobservation,8,costaRicaEarthquake2012,Unknown,
273,243491720426307584,0.25,news,15,costaRicaEarthquake2012,Unknown,
274,243496669692432384,0.25,irrelevant,11,costaRicaEarthquake2012,Unknown,
275,243505574208237568,0.25,unknown,21,costaRicaEarthquake2012,Unknown,
276,243506920592392192,0.25,originalevent,17,costaRicaEarthquake2012,Unknown,
277,243520291995791360,0.25,irrelevant,11,costaRicaEarthquake2012,Unknown,
278,243532572930498560,0.25,news,15,costaRicaEarthquake2012,Unknown,
279,243556706976686080,0.25,discussion,4,costaRicaEarthquake2012,Unknown,
280,243563099095973888,0.25,news,15,costaRicaEarthquake2012,Unknown,
281,243585987387719680,0.25,originalevent,17,costaRicaEarthquake2012,Unknown,
282,243604408787681280,0.25,news,15,costaRicaEarthquake2012,Unknown,
283,243615632724213760,0.25,originalevent,17,costaRicaEarthquake2012,Unknown,
284,243626894459797504,0.5,factoid,7,costaRicaEarthquake2012,Unknown,
285,243627842355744768,0.25,discussion,4,costaRicaEarthquake2012,Unknown,
286,243679361000153088,0.25,irrelevant,11,costaRicaEarthquake2012,Unknown,
287,243683131692036096,0.25,news,15,costaRicaEarthquake2012,Unknown,
288,243746071401078784,0.25,news,15,costaRicaEarthquake2012,Unknown,
289,243851088397234176,0.25,unknown,21,costaRicaEarthquake2012,Unknown,
290,243875360817700864,0.25,irrelevant,11,costaRicaEarthquake2012,Unknown,
291,243922446086991872,0.25,originalevent,17,costaRicaEarthquake2012,Unknown,
292,243967807463768064,0.25,firstpartyobservation,8,costaRicaEarthquake2012,Unknown,
293,243967958454521856,0.25,firstpartyobservation,8,costaRicaEarthquake2012,Unknown,
294,243968575038173184,0.25,firstpartyobservation,8,costaRicaEarthquake2012,Unknown,
295,243968738607656960,0.25,firstpartyobservation,8,costaRicaEarthquake2012,Unknown,
296,243969426469310464,0.25,irrelevant,11,costaRicaEarthquake2012,Unknown,
297,243969803973455872,0.25,irrelevant,11,costaRicaEarthquake2012,Unknown,
298,243972182135431168,0.25,irrelevant,11,costaRicaEarthquake2012,Unknown,
299,243972773528084480,0.25,irrelevant,11,costaRicaEarthquake2012,Unknown,
300,243979417314009088,0.25,irrelevant,11,costaRicaEarthquake2012,Unknown,
301,244024363458895872,0.25,news,15,costaRicaEarthquake2012,Unknown,
302,244085394776391680,0.25,irrelevant,11,costaRicaEarthquake2012,Unknown,
303,244094269923676160,0.25,irrelevant,11,costaRicaEarthquake2012,Unknown,
304,244097768002568192,0.25,irrelevant,11,costaRicaEarthquake2012,Unknown,
305,244104592135176192,0.25,irrelevant,11,costaRicaEarthquake2012,Unknown,
306,244127337828986880,0.25,contextualinformation,3,costaRicaEarthquake2012,Unknown,
307,244243939484385280,0.25,irrelevant,11,costaRicaEarthquake2012,Unknown,
308,244410054885920768,0.75,newsubevent,14,costaRicaEarthquake2012,Unknown,
309,244420150596603904,0.25,irrelevant,11,costaRicaEarthquake2012,Unknown,
310,244452702589943808,0.25,irrelevant,11,costaRicaEarthquake2012,Unknown,
311,244541017854976000,0.25,irrelevant,11,costaRicaEarthquake2012,Unknown,
312,244541726663000064,0.5,firstpartyobservation,8,costaRicaEarthquake2012,Unknown,
313,244542703960989696,0.25,originalevent,17,costaRicaEarthquake2012,Unknown,
314,244557337858293760,0.25,originalevent,17,costaRicaEarthquake2012,Unknown,
315,244571497836974080,0.25,irrelevant,11,costaRicaEarthquake2012,Unknown,
316,245096918299066368,0.25,irrelevant,11,costaRicaEarthquake2012,Unknown,
317,245138609697611776,0.25,irrelevant,11,costaRicaEarthquake2012,Unknown,
318,245294130270466048,0.25,irrelevant,11,costaRicaEarthquake2012,Unknown,
319,245717721415831552,0.25,originalevent,17,costaRicaEarthquake2012,Unknown,
320,245718686105759744,0.25,originalevent,17,costaRicaEarthquake2012,Unknown,
321,245776676586389504,0.25,originalevent,17,costaRicaEarthquake2012,Unknown,
322,245779742605860864,0.25,originalevent,17,costaRicaEarthquake2012,Unknown,
323,245830258786451456,0.25,irrelevant,11,costaRicaEarthquake2012,Unknown,
324,245851830112907264,0.5,official,16,costaRicaEarthquake2012,Unknown,
325,246508091867295744,0.25,irrelevant,11,costaRicaEarthquake2012,Unknown,
326,246604854460563456,0.25,news,15,costaRicaEarthquake2012,Unknown,
327,247215201198436352,0.25,originalevent,17,costaRicaEarthquake2012,Unknown,
328,247293697593597952,0.25,originalevent,17,costaRicaEarthquake2012,Unknown,
329,248156667257180160,0.25,originalevent,17,costaRicaEarthquake2012,Unknown,
330,274317493407981568,0.25,unknown,21,typhoonPablo2012,Unknown,
331,274530656321675264,0.25,irrelevant,11,typhoonPablo2012,Unknown,
332,274660784620052480,0.5,weather,23,typhoonPablo2012,Unknown,
333,274681584194560000,0.75,newsubevent,14,typhoonPablo2012,Unknown,
334,274728321307271168,0.75,multimediashare,13,typhoonPablo2012,Unknown,
335,274863314985680896,0.75,multimediashare,13,typhoonPablo2012,Unknown,
336,275035356942983168,0.25,irrelevant,11,typhoonPablo2012,Unknown,
337,275045104501260288,0.75,weather,23,typhoonPablo2012,Unknown,
338,275065346233335808,0.5,advice,1,typhoonPablo2012,Unknown,
339,275084874912784384,0.5,discussion,4,typhoonPablo2012,Unknown,
340,275086229647802368,0.5,informationwanted,10,typhoonPablo2012,Unknown,
341,275086955249807360,0.25,unknown,21,typhoonPablo2012,Unknown,
342,275091149578985472,0.25,sentiment,18,typhoonPablo2012,Unknown,
343,275094664414126080,0.25,news,15,typhoonPablo2012,Unknown,
344,275095633273171968,0.25,news,15,typhoonPablo2012,Unknown,
345,275105557009018880,0.25,irrelevant,11,typhoonPablo2012,Unknown,
346,275110934119321600,0.5,official,16,typhoonPablo2012,Unknown,
347,275111806505213952,0.5,discussion,4,typhoonPablo2012,Unknown,
348,275117779202494464,0.5,advice,1,typhoonPablo2012,Unknown,
349,275121851880062976,0.25,irrelevant,11,typhoonPablo2012,Unknown,
350,275129993032499200,0.25,contextualinformation,3,typhoonPablo2012,Unknown,
351,275131066744983552,0.25,sentiment,18,typhoonPablo2012,Unknown,
352,275139929347067904,0.5,factoid,7,typhoonPablo2012,Unknown,
353,275145688097095680,0.5,multimediashare,13,typhoonPablo2012,Unknown,
354,275164403098333184,0.25,informationwanted,10,typhoonPablo2012,Unknown,
355,275189841543716864,0.75,newsubevent,14,typhoonPablo2012,Unknown,
356,275209072410759168,0.75,multimediashare,13,typhoonPablo2012,Unknown,
357,275213048640327680,0.25,unknown,21,typhoonPablo2012,Unknown,
358,275215644893523968,0.25,news,15,typhoonPablo2012,Unknown,
359,275216999653707776,0.5,factoid,7,typhoonPablo2012,Unknown,
360,275217511362994176,0.25,news,15,typhoonPablo2012,Unknown,
361,275225006605217792,0.5,factoid,7,typhoonPablo2012,Unknown,
362,275229192499634176,0.5,multimediashare,13,typhoonPablo2012,Unknown,
363,275231293854326784,0.25,sentiment,18,typhoonPablo2012,Unknown,
364,275237581124407296,0.5,advice,1,typhoonPablo2012,Unknown,
365,275254710653550592,0.5,factoid,7,typhoonPablo2012,Unknown,
366,275259576058789888,0.25,sentiment,18,typhoonPablo2012,Unknown,
367,275261073421115392,0.25,unknown,21,typhoonPablo2012,Unknown,
368,275263749382881280,0.25,advice,1,typhoonPablo2012,Unknown,
369,275266509226536960,0.5,official,16,typhoonPablo2012,Unknown,
370,275285492642246656,0.5,weather,23,typhoonPablo2012,Unknown,
371,275339443982987264,0.25,irrelevant,11,typhoonPablo2012,Unknown,
372,275344145776795648,0.5,factoid,7,typhoonPablo2012,Unknown,
373,275350823117156352,0.5,weather,23,typhoonPablo2012,Unknown,
374,275385744909033472,0.25,sentiment,18,typhoonPablo2012,Unknown,
375,275398264914857984,0.25,news,15,typhoonPablo2012,Unknown,
376,275417453838884864,0.25,news,15,typhoonPablo2012,Unknown,
377,275441470406807552,0.5,multimediashare,13,typhoonPablo2012,Unknown,
378,275469291242016768,0.5,thirdpartyobservation,20,typhoonPablo2012,Unknown,
379,275470343995527168,0.25,originalevent,17,typhoonPablo2012,Unknown,
380,275477948285452288,0.25,irrelevant,11,typhoonPablo2012,Unknown,
381,275478791323787264,0.25,irrelevant,11,typhoonPablo2012,Unknown,
382,275483572868091904,0.25,discussion,4,typhoonPablo2012,Unknown,
383,275484130681188352,0.25,sentiment,18,typhoonPablo2012,Unknown,
384,275499767046471680,0.25,irrelevant,11,typhoonPablo2012,Unknown,
385,275503827141132288,0.5,multimediashare,13,typhoonPablo2012,Unknown,
386,275504116569092096,0.25,irrelevant,11,typhoonPablo2012,Unknown,
387,275511641112731648,0.25,sentiment,18,typhoonPablo2012,Unknown,
388,275514455515881472,0.25,news,15,typhoonPablo2012,Unknown,
389,275524807070736384,0.75,official,16,typhoonPablo2012,Unknown,
390,275530729390211072,0.25,news,15,typhoonPablo2012,Unknown,
391,275531983508078592,0.75,official,16,typhoonPablo2012,Unknown,
392,275533992558723072,0.5,discussion,4,typhoonPablo2012,Unknown,
393,275538346258874368,0.25,sentiment,18,typhoonPablo2012,Unknown,
394,275538820215226368,0.25,irrelevant,11,typhoonPablo2012,Unknown,
395,275539692655628288,0.25,irrelevant,11,typhoonPablo2012,Unknown,
396,275541944975896576,0.5,factoid,7,typhoonPablo2012,Unknown,
397,275544222487158784,0.25,sentiment,18,typhoonPablo2012,Unknown,
398,275545925382987776,0.25,irrelevant,11,typhoonPablo2012,Unknown,
399,275545946341904384,0.25,sentiment,18,typhoonPablo2012,Unknown,
400,275552262946975744,0.5,official,16,typhoonPablo2012,Unknown,
401,275555492573630464,0.25,sentiment,18,typhoonPablo2012,Unknown,
402,275562899731275776,0.25,news,15,typhoonPablo2012,Unknown,
403,275567672849223680,0.25,news,15,typhoonPablo2012,Unknown,
404,275573913960980480,0.5,discussion,4,typhoonPablo2012,Unknown,
405,275575059005972480,0.25,news,15,typhoonPablo2012,Unknown,
406,275575906238607360,0.75,weather,23,typhoonPablo2012,Unknown,
407,275577646899949568,0.25,news,15,typhoonPablo2012,Unknown,
408,275577667875659776,0.5,weather,23,typhoonPablo2012,Unknown,
409,275581262373199872,0.25,irrelevant,11,typhoonPablo2012,Unknown,
410,275584353604616192,0.5,factoid,7,typhoonPablo2012,Unknown,
411,275590003302739968,0.5,discussion,4,typhoonPablo2012,Unknown,
412,275594730295922688,0.25,irrelevant,11,typhoonPablo2012,Unknown,
413,275600040263827456,0.25,sentiment,18,typhoonPablo2012,Unknown,
414,275607627768143872,0.5,news,15,typhoonPablo2012,Unknown,
415,275630755172986880,0.25,unknown,21,typhoonPablo2012,Unknown,
416,275648790696964096,0.25,sentiment,18,typhoonPablo2012,Unknown,
417,275654616560066560,0.5,official,16,typhoonPablo2012,Unknown,
418,275657179271426048,0.5,factoid,7,typhoonPablo2012,Unknown,
419,275660585063022592,0.5,informationwanted,10,typhoonPablo2012,Unknown,
420,275680285725716480,0.5,weather,23,typhoonPablo2012,Unknown,
421,275715488506593280,0.25,sentiment,18,typhoonPablo2012,Unknown,
422,275715933115404288,0.25,multimediashare,13,typhoonPablo2012,Unknown,
423,275716184748470272,0.25,irrelevant,11,typhoonPablo2012,Unknown,
424,275718579696066560,0.5,news,15,typhoonPablo2012,Unknown,
425,275720005763624960,0.5,multimediashare,13,typhoonPablo2012,Unknown,
426,275720542621941760,0.5,weather,23,typhoonPablo2012,Unknown,
427,275725785514524672,0.5,weather,23,typhoonPablo2012,Unknown,
428,275728885113581568,0.25,irrelevant,11,typhoonPablo2012,Unknown,
429,275729430360489984,0.75,newsubevent,14,typhoonPablo2012,Unknown,
430,275730885792378880,0.75,emergingthreats,6,typhoonPablo2012,Unknown,
431,275736539709972480,0.25,news,15,typhoonPablo2012,Unknown,
432,275738049646833664,0.5,weather,23,typhoonPablo2012,Unknown,
433,275739182125690880,0.5,factoid,7,typhoonPablo2012,Unknown,
434,275742168486928384,0.5,discussion,4,typhoonPablo2012,Unknown,
435,275746203369623552,0.25,unknown,21,typhoonPablo2012,Unknown,
436,275747197457403904,0.25,sentiment,18,typhoonPablo2012,Unknown,
437,275748426375901184,0.25,irrelevant,11,typhoonPablo2012,Unknown,
438,275750573855354880,0.25,sentiment,18,typhoonPablo2012,Unknown,
439,275753656660414464,0.75,emergingthreats,6,typhoonPablo2012,Unknown,
440,275754952708722688,0.5,factoid,7,typhoonPablo2012,Unknown,
441,275755632202764288,0.5,weather,23,typhoonPablo2012,Unknown,
442,275755783193505792,0.25,news,15,typhoonPablo2012,Unknown,
443,275756030623875072,0.25,news,15,typhoonPablo2012,Unknown,
444,275758320739045376,0.25,irrelevant,11,typhoonPablo2012,Unknown,
445,275760120070279168,0.75,emergingthreats,6,typhoonPablo2012,Unknown,
446,275760145257086976,0.25,discussion,4,typhoonPablo2012,Unknown,
447,275762955428192256,0.25,sentiment,18,typhoonPablo2012,Unknown,
448,275763051897176064,0.25,irrelevant,11,typhoonPablo2012,Unknown,
449,275763819458998272,0.25,discussion,4,typhoonPablo2012,Unknown,
450,275764305985683456,0.25,discussion,4,typhoonPablo2012,Unknown,
451,275765815943512064,0.5,weather,23,typhoonPablo2012,Unknown,
452,275768714232750080,0.25,irrelevant,11,typhoonPablo2012,Unknown,
453,275773457994768384,0.25,weather,23,typhoonPablo2012,Unknown,
454,275774200353026048,0.25,irrelevant,11,typhoonPablo2012,Unknown,
455,275774422680477696,0.25,sentiment,18,typhoonPablo2012,Unknown,
456,275777719403442176,0.5,official,16,typhoonPablo2012,Unknown,
457,275784077943123968,0.75,emergingthreats,6,typhoonPablo2012,Unknown,
458,275784837124718592,0.5,multimediashare,13,typhoonPablo2012,Unknown,
459,275793833915195392,0.5,weather,23,typhoonPablo2012,Unknown,
460,275795436122537984,0.25,sentiment,18,typhoonPablo2012,Unknown,
461,275797776565149696,0.25,unknown,21,typhoonPablo2012,Unknown,
462,275797919137939456,0.75,emergingthreats,6,typhoonPablo2012,Unknown,
463,275812926395408384,0.25,irrelevant,11,typhoonPablo2012,Unknown,
464,275817892442943488,0.25,irrelevant,11,typhoonPablo2012,Unknown,
465,275818798395846656,0.25,news,15,typhoonPablo2012,Unknown,
466,275829418390327296,0.25,irrelevant,11,typhoonPablo2012,Unknown,
467,275830068499058688,0.25,news,15,typhoonPablo2012,Unknown,
468,275831779754131456,0.25,irrelevant,11,typhoonPablo2012,Unknown,
469,275833461699387392,0.5,factoid,7,typhoonPablo2012,Unknown,
470,275833683993317376,0.25,news,15,typhoonPablo2012,Unknown,
471,275835311362285568,0.25,multimediashare,13,typhoonPablo2012,Unknown,
472,275835323970383872,0.25,unknown,21,typhoonPablo2012,Unknown,
473,275836406092414976,0.5,weather,23,typhoonPablo2012,Unknown,
474,275839576977833984,0.25,sentiment,18,typhoonPablo2012,Unknown,
475,275845188969193472,0.5,weather,23,typhoonPablo2012,Unknown,
476,275846640194170880,0.5,donations,5,typhoonPablo2012,Unknown,
477,275851241337282560,0.25,irrelevant,11,typhoonPablo2012,Unknown,
478,275855943164649472,0.75,emergingthreats,6,typhoonPablo2012,Unknown,
479,275856454878130176,0.25,irrelevant,11,typhoonPablo2012,Unknown,
480,275856941413191680,0.25,irrelevant,11,typhoonPablo2012,Unknown,
481,275857486672703488,0.25,multimediashare,13,typhoonPablo2012,Unknown,
482,275858384262144000,0.25,news,15,typhoonPablo2012,Unknown,
483,275860582056484864,0.25,news,15,typhoonPablo2012,Unknown,
484,275860611424997376,0.25,sentiment,18,typhoonPablo2012,Unknown,
485,275860741461000192,0.5,advice,1,typhoonPablo2012,Unknown,
486,275864050758459392,0.25,news,15,typhoonPablo2012,Unknown,
487,275866034655858688,0.75,emergingthreats,6,typhoonPablo2012,Unknown,
488,275866043023519744,0.75,emergingthreats,6,typhoonPablo2012,Unknown,
489,275877501895573504,0.75,weather,23,typhoonPablo2012,Unknown,
490,275878063923949568,0.75,movepeople,12,typhoonPablo2012,Unknown,
491,275881465483505664,0.5,multimediashare,13,typhoonPablo2012,Unknown,
492,275881650053869568,0.25,irrelevant,11,typhoonPablo2012,Unknown,
493,275883940139655168,0.25,sentiment,18,typhoonPablo2012,Unknown,
494,275888641971216384,0.25,unknown,21,typhoonPablo2012,Unknown,
495,275888692277694464,0.25,multimediashare,13,typhoonPablo2012,Unknown,
496,275889229165391872,0.75,emergingthreats,6,typhoonPablo2012,Unknown,
497,275889694703755264,0.25,news,15,typhoonPablo2012,Unknown,
498,275890088997691392,0.25,sentiment,18,typhoonPablo2012,Unknown,
499,275890592284831744,0.25,news,15,typhoonPablo2012,Unknown,
500,275891460505731072,0.5,weather,23,typhoonPablo2012,Unknown,
501,275892546843078656,0.5,official,16,typhoonPablo2012,Unknown,
502,275894396547899392,0.5,weather,23,typhoonPablo2012,Unknown,
503,275898683109801984,0.25,news,15,typhoonPablo2012,Unknown,
504,275898817348526080,0.25,sentiment,18,typhoonPablo2012,Unknown,
505,275899106730336256,0.75,newsubevent,14,typhoonPablo2012,Unknown,
506,275899261915369472,0.25,news,15,typhoonPablo2012,Unknown,
507,324681353662709760,0.25,irrelevant,11,westTexasExplosion2013,Unknown,
508,324694565753851904,0.25,irrelevant,11,westTexasExplosion2013,Unknown,
509,324694993551884288,0.75,newsubevent,14,westTexasExplosion2013,Unknown,
510,324700584571711488,0.75,multimediashare,13,westTexasExplosion2013,Unknown,
511,324702723675144192,1.0,emergingthreats,6,westTexasExplosion2013,Unknown,
512,324705017925861376,0.25,discussion,4,westTexasExplosion2013,Unknown,
513,324706162983448576,0.5,official,16,westTexasExplosion2013,Unknown,
514,324707635196743680,0.25,unknown,21,westTexasExplosion2013,Unknown,
515,324707987501494272,0.25,unknown,21,westTexasExplosion2013,Unknown,
516,324708104937820160,0.25,news,15,westTexasExplosion2013,Unknown,
517,324709166121877504,1.0,emergingthreats,6,westTexasExplosion2013,Unknown,
518,324709329666183168,0.25,news,15,westTexasExplosion2013,Unknown,
519,324711640744460288,0.5,factoid,7,westTexasExplosion2013,Unknown,
520,324712861278556160,0.25,discussion,4,westTexasExplosion2013,Unknown,
521,324713159090921472,0.25,news,15,westTexasExplosion2013,Unknown,
522,324713222009651200,0.25,sentiment,18,westTexasExplosion2013,Unknown,
523,324713381376434176,0.25,discussion,4,westTexasExplosion2013,Unknown,
524,324713712730660864,0.25,multimediashare,13,westTexasExplosion2013,Unknown,
525,324715566625611776,0.25,sentiment,18,westTexasExplosion2013,Unknown,
526,324716732637921280,0.25,news,15,westTexasExplosion2013,Unknown,
527,324716816523993088,0.25,discussion,4,westTexasExplosion2013,Unknown,
528,324717571477737472,0.25,sentiment,18,westTexasExplosion2013,Unknown,
529,324717705716457472,0.5,informationwanted,10,westTexasExplosion2013,Unknown,
530,324718703948214272,0.75,movepeople,12,westTexasExplosion2013,Unknown,
531,324718867530268672,0.25,discussion,4,westTexasExplosion2013,Unknown,
532,324720117424472064,0.25,irrelevant,11,westTexasExplosion2013,Unknown,
533,324720142586089472,0.25,news,15,westTexasExplosion2013,Unknown,
534,324720616546631680,0.75,movepeople,12,westTexasExplosion2013,Unknown,
535,324721056952750080,0.5,multimediashare,13,westTexasExplosion2013,Unknown,
536,324721463804444672,0.25,sentiment,18,westTexasExplosion2013,Unknown,
537,324721916776693760,0.5,factoid,7,westTexasExplosion2013,Unknown,
538,324724676637106176,0.25,discussion,4,westTexasExplosion2013,Unknown,
539,324725712626008064,0.25,sentiment,18,westTexasExplosion2013,Unknown,
540,324726035583209472,0.25,sentiment,18,westTexasExplosion2013,Unknown,
541,324726211764961280,0.5,factoid,7,westTexasExplosion2013,Unknown,
542,324726996099817472,0.5,factoid,7,westTexasExplosion2013,Unknown,
543,324727176446500864,0.5,factoid,7,westTexasExplosion2013,Unknown,
544,324727180661764096,0.25,sentiment,18,westTexasExplosion2013,Unknown,
545,324728061444636672,0.5,factoid,7,westTexasExplosion2013,Unknown,
546,324728086618849280,0.25,news,15,westTexasExplosion2013,Unknown,
547,324728384414437376,0.5,factoid,7,westTexasExplosion2013,Unknown,
548,324728619303849984,0.25,sentiment,18,westTexasExplosion2013,Unknown,
549,324728657052594176,0.75,volunteer,22,westTexasExplosion2013,Unknown,
550,324729151967870976,0.5,firstpartyobservation,8,westTexasExplosion2013,Unknown,
551,324729999221469184,0.25,news,15,westTexasExplosion2013,Unknown,
552,324730695471755264,0.25,discussion,4,westTexasExplosion2013,Unknown,
553,324730871640887296,0.25,news,15,westTexasExplosion2013,Unknown,
554,324731639177564160,0.5,multimediashare,13,westTexasExplosion2013,Unknown,
555,324731941167435776,0.5,multimediashare,13,westTexasExplosion2013,Unknown,
556,324731974726066176,0.25,news,15,westTexasExplosion2013,Unknown,
557,324732234781302784,0.5,advice,1,westTexasExplosion2013,Unknown,
558,324732515795484672,0.25,irrelevant,11,westTexasExplosion2013,Unknown,
559,324733547615223808,0.25,news,15,westTexasExplosion2013,Unknown,
560,324733555966099456,0.25,irrelevant,11,westTexasExplosion2013,Unknown,
561,324733748908261376,0.25,contextualinformation,3,westTexasExplosion2013,Unknown,
562,324734025740734464,0.25,sentiment,18,westTexasExplosion2013,Unknown,
563,324734088672079872,0.5,multimediashare,13,westTexasExplosion2013,Unknown,
564,324734550053879808,0.25,sentiment,18,westTexasExplosion2013,Unknown,
565,324734558425718784,0.5,multimediashare,13,westTexasExplosion2013,Unknown,
566,324734587769069568,0.25,sentiment,18,westTexasExplosion2013,Unknown,
567,324734617141796864,0.5,factoid,7,westTexasExplosion2013,Unknown,
568,324734617158578176,0.5,multimediashare,13,westTexasExplosion2013,Unknown,
569,324734717809283072,0.5,factoid,7,westTexasExplosion2013,Unknown,
570,324734818485161984,0.25,sentiment,18,westTexasExplosion2013,Unknown,
571,324734948496003072,0.5,factoid,7,westTexasExplosion2013,Unknown,
572,324735464386998272,0.5,multimediashare,13,westTexasExplosion2013,Unknown,
573,324735560868577280,0.5,multimediashare,13,westTexasExplosion2013,Unknown,
574,324735665721991168,0.25,irrelevant,11,westTexasExplosion2013,Unknown,
575,324735862850084864,0.5,multimediashare,13,westTexasExplosion2013,Unknown,
576,324736009646534656,0.25,contextualinformation,3,westTexasExplosion2013,Unknown,
577,324736118715195392,0.25,sentiment,18,westTexasExplosion2013,Unknown,
578,324736907252744192,0.25,news,15,westTexasExplosion2013,Unknown,
579,324736970154721280,0.5,advice,1,westTexasExplosion2013,Unknown,
580,324737024676466688,0.75,multimediashare,13,westTexasExplosion2013,Unknown,
581,324737121124491264,0.5,official,16,westTexasExplosion2013,Unknown,
582,324737305686446080,0.25,sentiment,18,westTexasExplosion2013,Unknown,
583,324737758671294464,0.25,news,15,westTexasExplosion2013,Unknown,
584,324738773697048576,0.25,sentiment,18,westTexasExplosion2013,Unknown,
585,324738794655993856,0.5,factoid,7,westTexasExplosion2013,Unknown,
586,324738844987621376,0.25,news,15,westTexasExplosion2013,Unknown,
587,324738844996014080,0.25,news,15,westTexasExplosion2013,Unknown,
588,324738891120791552,0.25,sentiment,18,westTexasExplosion2013,Unknown,
589,324738937295863808,0.75,emergingthreats,6,westTexasExplosion2013,Unknown,
590,324739012780752896,0.25,sentiment,18,westTexasExplosion2013,Unknown,
591,324739147002691584,0.25,irrelevant,11,westTexasExplosion2013,Unknown,
592,324739159581417472,0.5,multimediashare,13,westTexasExplosion2013,Unknown,
593,324739566407913472,0.5,multimediashare,13,westTexasExplosion2013,Unknown,
594,324739801314103296,0.25,irrelevant,11,westTexasExplosion2013,Unknown,
595,324740040376848384,0.25,sentiment,18,westTexasExplosion2013,Unknown,
596,324740287836614656,0.25,sentiment,18,westTexasExplosion2013,Unknown,
597,324740547908603904,0.25,sentiment,18,westTexasExplosion2013,Unknown,
598,324740635980599296,0.25,news,15,westTexasExplosion2013,Unknown,
599,324740677923635200,0.25,sentiment,18,westTexasExplosion2013,Unknown,
600,324740774401036288,0.5,multimediashare,13,westTexasExplosion2013,Unknown,
601,324740967326445568,0.5,multimediashare,13,westTexasExplosion2013,Unknown,
602,324741101523181568,0.25,sentiment,18,westTexasExplosion2013,Unknown,
603,324741479031521280,0.25,sentiment,18,westTexasExplosion2013,Unknown,
604,324741575496310784,0.5,multimediashare,13,westTexasExplosion2013,Unknown,
605,324741755851382784,0.25,unknown,21,westTexasExplosion2013,Unknown,
606,324742389208072192,0.25,irrelevant,11,westTexasExplosion2013,Unknown,
607,324742582125072384,0.25,sentiment,18,westTexasExplosion2013,Unknown,
608,324742716359593984,0.25,sentiment,18,westTexasExplosion2013,Unknown,
609,324742913483493376,0.25,sentiment,18,westTexasExplosion2013,Unknown,
610,324742930264883200,0.5,multimediashare,13,westTexasExplosion2013,Unknown,
611,324743047684431872,0.75,serviceavailable,19,westTexasExplosion2013,Unknown,
612,324743119012765696,0.25,discussion,4,westTexasExplosion2013,Unknown,
613,324743471334301696,0.25,news,15,westTexasExplosion2013,Unknown,
614,324743546831790080,0.25,multimediashare,13,westTexasExplosion2013,Unknown,
615,324744125616365568,0.25,irrelevant,11,westTexasExplosion2013,Unknown,
616,324744276611325952,0.25,sentiment,18,westTexasExplosion2013,Unknown,
617,324744532463861760,0.25,news,15,westTexasExplosion2013,Unknown,
618,324744809313075200,0.25,sentiment,18,westTexasExplosion2013,Unknown,
619,324745052561756160,0.25,multimediashare,13,westTexasExplosion2013,Unknown,
620,324745052574343168,0.25,sentiment,18,westTexasExplosion2013,Unknown,
621,324745102897586176,0.25,sentiment,18,westTexasExplosion2013,Unknown,
622,324745446822117376,0.5,factoid,7,westTexasExplosion2013,Unknown,
623,324745836888211456,0.75,factoid,7,westTexasExplosion2013,Unknown,
624,324745845285220352,0.25,news,15,westTexasExplosion2013,Unknown,
625,324746252124307456,0.25,sentiment,18,westTexasExplosion2013,Unknown,
626,324746528965160960,0.5,multimediashare,13,westTexasExplosion2013,Unknown,
627,378029784204206080,0.75,multimediashare,13,floodColorado2013,Unknown,
628,378038458024865792,0.25,sentiment,18,floodColorado2013,Unknown,
629,378042534863192064,0.25,discussion,4,floodColorado2013,Unknown,
630,378046271996440576,0.75,emergingthreats,6,floodColorado2013,Unknown,
631,378047710659502080,0.25,advice,1,floodColorado2013,Unknown,
632,378054652215824384,0.75,movepeople,12,floodColorado2013,Unknown,
633,378054979380334592,0.5,firstpartyobservation,8,floodColorado2013,Unknown,
634,378056556413079552,0.75,thirdpartyobservation,20,floodColorado2013,Unknown,
635,378056971686932480,0.75,serviceavailable,19,floodColorado2013,Unknown,
636,378057261081714688,0.5,movepeople,12,floodColorado2013,Unknown,
637,378059840569880576,0.75,advice,1,floodColorado2013,Unknown,
638,378061807681695744,0.25,irrelevant,11,floodColorado2013,Unknown,
639,378066689885077504,0.25,news,15,floodColorado2013,Unknown,
640,378067142844747776,0.75,informationwanted,10,floodColorado2013,Unknown,
641,378069365855621120,0.75,firstpartyobservation,8,floodColorado2013,Unknown,
642,378069734916251648,0.5,weather,23,floodColorado2013,Unknown,
643,378071202931032064,0.75,advice,1,floodColorado2013,Unknown,
644,378072872280788992,0.75,multimediashare,13,floodColorado2013,Unknown,
645,378073551749648384,0.5,advice,1,floodColorado2013,Unknown,
646,378079067255238656,0.25,news,15,floodColorado2013,Unknown,
647,378079650250907648,0.5,news,15,floodColorado2013,Unknown,
648,378086805771268096,0.25,news,15,floodColorado2013,Unknown,
649,378095349547552768,0.75,weather,23,floodColorado2013,Unknown,
650,378097819992592384,0.5,factoid,7,floodColorado2013,Unknown,
651,378101922013532160,0.75,cleanup,2,floodColorado2013,Unknown,
652,378101930414710784,0.5,multimediashare,13,floodColorado2013,Unknown,
653,378109257842827264,0.25,sentiment,18,floodColorado2013,Unknown,
654,378111510205464576,0.25,news,15,floodColorado2013,Unknown,
655,378112919499579392,0.25,news,15,floodColorado2013,Unknown,
656,378122012742668288,0.25,news,15,floodColorado2013,Unknown,
657,378122033697402880,0.75,multimediashare,13,floodColorado2013,Unknown,
658,378122948064067584,0.5,factoid,7,floodColorado2013,Unknown,
659,378127477928783872,0.75,multimediashare,13,floodColorado2013,Unknown,
660,378128681677234176,0.5,factoid,7,floodColorado2013,Unknown,
661,378130011292979200,0.5,advice,1,floodColorado2013,Unknown,
662,378133446410784768,0.5,factoid,7,floodColorado2013,Unknown,
663,378133551272562688,0.25,news,15,floodColorado2013,Unknown,
664,378134704710766592,0.5,factoid,7,floodColorado2013,Unknown,
665,378137582007496704,0.25,irrelevant,11,floodColorado2013,Unknown,
666,378137695240732672,0.25,irrelevant,11,floodColorado2013,Unknown,
667,378139846935457792,0.75,emergingthreats,6,floodColorado2013,Unknown,
668,378141524623912960,0.75,emergingthreats,6,floodColorado2013,Unknown,
669,378143550510088192,0.25,discussion,4,floodColorado2013,Unknown,
670,378147442786439168,0.75,multimediashare,13,floodColorado2013,Unknown,
671,378150852793749504,0.5,factoid,7,floodColorado2013,Unknown,
672,378151544849305600,0.5,donations,5,floodColorado2013,Unknown,
673,378151578399559680,0.5,factoid,7,floodColorado2013,Unknown,
674,378158079579127808,1.0,emergingthreats,6,floodColorado2013,Unknown,
675,378159971210649600,0.5,news,15,floodColorado2013,Unknown,
676,378161380462833664,0.25,news,15,floodColorado2013,Unknown,
677,378164870157721600,0.25,irrelevant,11,floodColorado2013,Unknown,
678,378170578588291072,0.75,emergingthreats,6,floodColorado2013,Unknown,
679,378172612805152768,0.25,factoid,7,floodColorado2013,Unknown,
680,378173116125413376,0.5,official,16,floodColorado2013,Unknown,
681,378174277947645952,0.5,advice,1,floodColorado2013,Unknown,
682,378175691449069568,0.5,advice,1,floodColorado2013,Unknown,
683,378176358318628864,0.25,news,15,floodColorado2013,Unknown,
684,378178619048087552,0.25,sentiment,18,floodColorado2013,Unknown,
685,378178661020495872,0.5,multimediashare,13,floodColorado2013,Unknown,
686,378179877368631296,0.5,discussion,4,floodColorado2013,Unknown,
687,378181332792115200,0.25,news,15,floodColorado2013,Unknown,
688,378183031460069376,0.5,factoid,7,floodColorado2013,Unknown,
689,378183627051237376,0.25,sentiment,18,floodColorado2013,Unknown,
690,378184214274768896,0.5,discussion,4,floodColorado2013,Unknown,
691,378184453362679808,0.5,factoid,7,floodColorado2013,Unknown,
692,378184491111841792,0.25,irrelevant,11,floodColorado2013,Unknown,
693,378186965726007296,0.5,factoid,7,floodColorado2013,Unknown,
694,378189641708351488,0.25,unknown,21,floodColorado2013,Unknown,
695,378191675941588992,0.5,factoid,7,floodColorado2013,Unknown,
696,378195434033782784,0.25,sentiment,18,floodColorado2013,Unknown,
697,378195668898021376,0.25,irrelevant,11,floodColorado2013,Unknown,
698,378197732508184576,0.25,irrelevant,11,floodColorado2013,Unknown,
699,378198479111073792,0.25,news,15,floodColorado2013,Unknown,
700,378198986597093376,0.5,factoid,7,floodColorado2013,Unknown,
701,378201951969632256,0.5,factoid,7,floodColorado2013,Unknown,
702,378203231262093312,0.75,multimediashare,13,floodColorado2013,Unknown,
703,378206808998821888,0.5,hashtags,9,floodColorado2013,Unknown,
704,378208105021976576,0.75,firstpartyobservation,8,floodColorado2013,Unknown,
705,378211338851344384,0.75,weather,23,floodColorado2013,Unknown,
706,378212785886224384,0.5,multimediashare,13,floodColorado2013,Unknown,
707,378213377262108672,0.75,movepeople,12,floodColorado2013,Unknown,
708,378213784101203968,0.75,movepeople,12,floodColorado2013,Unknown,
709,378214128038318080,0.75,movepeople,12,floodColorado2013,Unknown,
710,378215919031308288,0.25,irrelevant,11,floodColorado2013,Unknown,
711,378216451670171648,0.25,advice,1,floodColorado2013,Unknown,
712,378219127640305664,0.5,multimediashare,13,floodColorado2013,Unknown,
713,378219136033112064,0.75,emergingthreats,6,floodColorado2013,Unknown,
714,378220373365362688,0.5,discussion,4,floodColorado2013,Unknown,
715,378220553699463168,1.0,emergingthreats,6,floodColorado2013,Unknown,
716,378220914443157504,0.75,serviceavailable,19,floodColorado2013,Unknown,
717,378221870731890688,0.75,emergingthreats,6,floodColorado2013,Unknown,
718,378222998995881984,0.5,multimediashare,13,floodColorado2013,Unknown,
719,378223082869379072,0.75,movepeople,12,floodColorado2013,Unknown,
720,378224748016058368,0.5,factoid,7,floodColorado2013,Unknown,
721,378226123764547584,0.5,multimediashare,13,floodColorado2013,Unknown,
722,379103282745991168,0.5,factoid,7,floodColorado2013,Unknown,
723,379105400856915968,0.5,factoid,7,floodColorado2013,Unknown,
724,379110102663700480,0.5,factoid,7,floodColorado2013,Unknown,
725,379111721665056768,0.5,factoid,7,floodColorado2013,Unknown,
726,379119284019941376,0.25,sentiment,18,floodColorado2013,Unknown,
727,379120898835349504,0.25,irrelevant,11,floodColorado2013,Unknown,
728,379122991780888576,0.25,contextualinformation,3,floodColorado2013,Unknown,
729,379126259143286784,0.5,factoid,7,floodColorado2013,Unknown,
730,379140385554964480,0.25,sentiment,18,floodColorado2013,Unknown,
731,379144416293695488,0.5,factoid,7,floodColorado2013,Unknown,
732,379157749990719488,0.25,originalevent,17,floodColorado2013,Unknown,
733,379167765976088576,0.25,news,15,floodColorado2013,Unknown,
734,379211395138850816,0.25,weather,23,floodColorado2013,Unknown,
735,379213924287012864,0.25,sentiment,18,floodColorado2013,Unknown,
736,379217170670292992,0.25,factoid,7,floodColorado2013,Unknown,
737,379218143753035776,0.5,factoid,7,floodColorado2013,Unknown,
738,379222237393719296,0.5,advice,1,floodColorado2013,Unknown,
739,379225102115557376,0.25,news,15,floodColorado2013,Unknown,
740,379226196841472000,0.25,factoid,7,floodColorado2013,Unknown,
741,379228499505995776,0.75,emergingthreats,6,floodColorado2013,Unknown,
742,379228814070407168,0.25,irrelevant,11,floodColorado2013,Unknown,
743,379231162876854272,0.25,news,15,floodColorado2013,Unknown,
744,379235193586208768,0.25,unknown,21,floodColorado2013,Unknown,
745,379244509173125120,0.25,factoid,7,floodColorado2013,Unknown,
746,379244622414757888,0.25,irrelevant,11,floodColorado2013,Unknown,
747,379244903403749376,0.25,originalevent,17,floodColorado2013,Unknown,
748,379245721288851456,0.5,advice,1,floodColorado2013,Unknown,
749,379248464393023488,0.5,factoid,7,floodColorado2013,Unknown,
750,379251534631956480,0.5,factoid,7,floodColorado2013,Unknown,
751,379254877488041984,0.75,serviceavailable,19,floodColorado2013,Unknown,
752,379264868286599168,0.25,advice,1,floodColorado2013,Unknown,
753,379266038526775296,0.25,news,15,floodColorado2013,Unknown,
754,379269817603477504,0.25,news,15,floodColorado2013,Unknown,
755,379277325377888256,0.25,news,15,floodColorado2013,Unknown,
756,379281997836738560,0.25,weather,23,floodColorado2013,Unknown,
757,379284581548949504,0.25,advice,1,floodColorado2013,Unknown,
758,379287374947041280,0.75,multimediashare,13,floodColorado2013,Unknown,
759,379287790166347776,0.75,firstpartyobservation,8,floodColorado2013,Unknown,
760,379288075387420672,0.5,donations,5,floodColorado2013,Unknown,
761,379288473863065600,0.75,newsubevent,14,floodColorado2013,Unknown,
762,379288561939255296,0.25,irrelevant,11,floodColorado2013,Unknown,
763,379290814268338176,0.25,news,15,floodColorado2013,Unknown,
764,379295625155575808,0.25,irrelevant,11,floodColorado2013,Unknown,
765,379302940000792576,0.25,sentiment,18,floodColorado2013,Unknown,
766,379303514607849472,0.25,news,15,floodColorado2013,Unknown,
767,379306253501341696,0.5,weather,23,floodColorado2013,Unknown,
768,379313346060644352,0.5,multimediashare,13,floodColorado2013,Unknown,
769,379314377876189184,0.25,irrelevant,11,floodColorado2013,Unknown,
770,379315556479807488,0.25,irrelevant,11,floodColorado2013,Unknown,
771,379325207543947264,0.25,irrelevant,11,floodColorado2013,Unknown,
772,379325744440041472,0.5,advice,1,floodColorado2013,Unknown,
773,379334183392251904,0.5,donations,5,floodColorado2013,Unknown,
774,379341879927504896,0.25,irrelevant,11,floodColorado2013,Unknown,
775,379347533828325376,0.75,serviceavailable,19,floodColorado2013,Unknown,
776,379356052493312000,0.25,irrelevant,11,floodColorado2013,Unknown,
777,379357990261755904,0.5,multimediashare,13,floodColorado2013,Unknown,
778,379358808134254592,0.75,serviceavailable,19,floodColorado2013,Unknown,
779,379361337278988288,0.75,emergingthreats,6,floodColorado2013,Unknown,
780,379362016793604096,0.25,irrelevant,11,floodColorado2013,Unknown,
781,379363098915647488,0.25,irrelevant,11,floodColorado2013,Unknown,
782,379366240428384256,0.25,news,15,floodColorado2013,Unknown,
783,379367024784203776,0.25,irrelevant,11,floodColorado2013,Unknown,
784,379367666500108288,0.25,irrelevant,11,floodColorado2013,Unknown,
785,379370296337113088,0.25,irrelevant,11,floodColorado2013,Unknown,
786,379370464121876480,0.5,multimediashare,13,floodColorado2013,Unknown,
787,379370682217271296,0.75,emergingthreats,6,floodColorado2013,Unknown,
788,379371030315159552,0.75,multimediashare,13,floodColorado2013,Unknown,
789,379373546901749760,0.75,firstpartyobservation,8,floodColorado2013,Unknown,
790,379377925767700480,0.25,news,15,floodColorado2013,Unknown,
791,379378227774754816,0.5,factoid,7,floodColorado2013,Unknown,
792,379379666412249088,0.25,irrelevant,11,floodColorado2013,Unknown,
793,379380798882709504,0.5,factoid,7,floodColorado2013,Unknown,
794,379385865597775872,0.25,news,15,floodColorado2013,Unknown,
795,379385957843083264,0.25,news,15,floodColorado2013,Unknown,
796,379387966948257792,0.75,emergingthreats,6,floodColorado2013,Unknown,
797,379388977775513600,0.25,sentiment,18,floodColorado2013,Unknown,
798,379388998742843392,0.25,discussion,4,floodColorado2013,Unknown,
799,379391708271620096,0.5,factoid,7,floodColorado2013,Unknown,
800,379396951113859072,0.5,multimediashare,13,floodColorado2013,Unknown,
801,379399283163664384,0.75,informationwanted,10,floodColorado2013,Unknown,
802,379410586817527808,0.75,informationwanted,10,floodColorado2013,Unknown,
803,379412612653387776,0.75,firstpartyobservation,8,floodColorado2013,Unknown,
804,379415850660687872,0.25,news,15,floodColorado2013,Unknown,
805,379416379150987264,0.25,news,15,floodColorado2013,Unknown,
806,379422980998045696,0.25,news,15,floodColorado2013,Unknown,
807,379425505973256192,0.25,news,15,floodColorado2013,Unknown,
808,379426239947481088,0.75,multimediashare,13,floodColorado2013,Unknown,
809,379428379050520576,0.25,irrelevant,11,floodColorado2013,Unknown,
810,396263979762196480,0.25,irrelevant,11,laAirportShooting2013,Unknown,
811,396313082466541568,0.75,newsubevent,14,laAirportShooting2013,Unknown,
812,396314030383443968,0.75,informationwanted,10,laAirportShooting2013,Unknown,
813,396315108311199744,1.0,newsubevent,14,laAirportShooting2013,Unknown,
814,396315620050223104,1.0,newsubevent,14,laAirportShooting2013,Unknown,
815,396317146751307776,0.25,discussion,4,laAirportShooting2013,Unknown,
816,396317331330433024,0.75,firstpartyobservation,8,laAirportShooting2013,Unknown,
817,396317406798553088,0.5,thirdpartyobservation,20,laAirportShooting2013,Unknown,
818,396317671035129856,0.75,factoid,7,laAirportShooting2013,Unknown,
819,396317725556887552,0.75,factoid,7,laAirportShooting2013,Unknown,
820,396318216299229184,0.75,newsubevent,14,laAirportShooting2013,Unknown,
821,396318312759455744,0.75,thirdpartyobservation,20,laAirportShooting2013,Unknown,
822,396318430229315584,0.25,news,15,laAirportShooting2013,Unknown,
823,396318484759871488,0.25,news,15,laAirportShooting2013,Unknown,
824,396318828675616768,0.75,factoid,7,laAirportShooting2013,Unknown,
825,396319063577985024,0.25,news,15,laAirportShooting2013,Unknown,
826,396319248101822464,0.25,news,15,laAirportShooting2013,Unknown,
827,396319382345097216,0.75,factoid,7,laAirportShooting2013,Unknown,
828,396319441031811072,0.5,factoid,7,laAirportShooting2013,Unknown,
829,396319692694233088,0.25,thirdpartyobservation,20,laAirportShooting2013,Unknown,
830,396319856275906560,0.25,discussion,4,laAirportShooting2013,Unknown,
831,396320086950019072,0.5,official,16,laAirportShooting2013,Unknown,
832,396320099537137664,0.25,news,15,laAirportShooting2013,Unknown,
833,396320305083211776,0.25,sentiment,18,laAirportShooting2013,Unknown,
834,396320422507315200,0.25,news,15,laAirportShooting2013,Unknown,
835,396320472864129024,0.25,news,15,laAirportShooting2013,Unknown,
836,396320976155475968,0.25,news,15,laAirportShooting2013,Unknown,
837,396320992936460288,0.25,news,15,laAirportShooting2013,Unknown,
838,396321135538606080,0.5,news,15,laAirportShooting2013,Unknown,
839,396321395581272064,0.5,official,16,laAirportShooting2013,Unknown,
840,396321684992434176,0.25,news,15,laAirportShooting2013,Unknown,
841,396321693368856576,0.25,sentiment,18,laAirportShooting2013,Unknown,
842,396321789858836480,0.25,news,15,laAirportShooting2013,Unknown,
843,396322108625936384,0.5,official,16,laAirportShooting2013,Unknown,
844,396322142184169472,0.75,advice,1,laAirportShooting2013,Unknown,
845,396322691629977600,0.25,news,15,laAirportShooting2013,Unknown,
846,396323056534421504,0.25,unknown,21,laAirportShooting2013,Unknown,
847,396323685671264256,0.5,official,16,laAirportShooting2013,Unknown,
848,396323811521736704,0.25,news,15,laAirportShooting2013,Unknown,
849,396323983475609600,0.25,sentiment,18,laAirportShooting2013,Unknown,
850,396324021211762688,0.75,thirdpartyobservation,20,laAirportShooting2013,Unknown,
851,396324054774599680,0.5,firstpartyobservation,8,laAirportShooting2013,Unknown,
852,396324432278716416,0.25,sentiment,18,laAirportShooting2013,Unknown,
853,396324470022864896,0.5,newsubevent,14,laAirportShooting2013,Unknown,
854,396324570682372096,0.5,newsubevent,14,laAirportShooting2013,Unknown,
855,396324801360322560,0.75,factoid,7,laAirportShooting2013,Unknown,
856,396324805554622464,0.25,news,15,laAirportShooting2013,Unknown,
857,396324956537368576,0.75,factoid,7,laAirportShooting2013,Unknown,
858,396325015273996288,0.25,news,15,laAirportShooting2013,Unknown,
859,396325057204465664,0.25,contextualinformation,3,laAirportShooting2013,Unknown,
860,396325107569672192,0.25,sentiment,18,laAirportShooting2013,Unknown,
861,396325115949883392,0.25,news,15,laAirportShooting2013,Unknown,
862,396325174641172480,0.25,news,15,laAirportShooting2013,Unknown,
863,396325174657552384,0.25,news,15,laAirportShooting2013,Unknown,
864,396325199827988480,0.25,news,15,laAirportShooting2013,Unknown,
865,396325208203988992,0.25,news,15,laAirportShooting2013,Unknown,
866,396325233394581504,0.75,factoid,7,laAirportShooting2013,Unknown,
867,396325518573703168,0.25,news,15,laAirportShooting2013,Unknown,
868,396325535376101376,0.5,news,15,laAirportShooting2013,Unknown,
869,396325573099651072,0.25,news,15,laAirportShooting2013,Unknown,
870,396325661213982720,0.25,news,15,laAirportShooting2013,Unknown,
871,396325740871827456,0.25,news,15,laAirportShooting2013,Unknown,
872,396325774455627776,0.25,news,15,laAirportShooting2013,Unknown,
873,396325787043106816,0.25,news,15,laAirportShooting2013,Unknown,
874,396325912871849984,0.25,contextualinformation,3,laAirportShooting2013,Unknown,
875,396326323892649984,0.25,sentiment,18,laAirportShooting2013,Unknown,
876,396326328074399744,0.25,news,15,laAirportShooting2013,Unknown,
877,396326453932851200,0.25,irrelevant,11,laAirportShooting2013,Unknown,
878,396326583935307776,0.25,sentiment,18,laAirportShooting2013,Unknown,
879,396326609118322688,0.75,newsubevent,14,laAirportShooting2013,Unknown,
880,396326701392994304,0.25,sentiment,18,laAirportShooting2013,Unknown,
881,396326705599508480,0.5,factoid,7,laAirportShooting2013,Unknown,
882,396326722347761664,0.75,multimediashare,13,laAirportShooting2013,Unknown,
883,396326747538333696,0.5,factoid,7,laAirportShooting2013,Unknown,
884,396326869169352704,0.25,news,15,laAirportShooting2013,Unknown,
885,396327221494702080,0.25,news,15,laAirportShooting2013,Unknown,
886,396327338927222784,0.25,news,15,laAirportShooting2013,Unknown,
887,396327431188910080,0.75,firstpartyobservation,8,laAirportShooting2013,Unknown,
888,396327452164628480,0.25,irrelevant,11,laAirportShooting2013,Unknown,
889,396327489922138112,0.75,firstpartyobservation,8,laAirportShooting2013,Unknown,
890,396327716426756096,0.25,sentiment,18,laAirportShooting2013,Unknown,
891,396327875789324288,0.5,multimediashare,13,laAirportShooting2013,Unknown,
892,396327926104215552,0.25,news,15,laAirportShooting2013,Unknown,
893,396328030986985472,0.75,advice,1,laAirportShooting2013,Unknown,
894,396328173597507584,0.5,multimediashare,13,laAirportShooting2013,Unknown,
895,396328744027049984,0.25,hashtags,9,laAirportShooting2013,Unknown,
896,396329243128659968,0.5,discussion,4,laAirportShooting2013,Unknown,
897,396329276691464192,0.25,irrelevant,11,laAirportShooting2013,Unknown,
898,396329339622420480,0.25,news,15,laAirportShooting2013,Unknown,
899,396329515766808576,0.25,news,15,laAirportShooting2013,Unknown,
900,396329662584217600,0.25,news,15,laAirportShooting2013,Unknown,
901,396329687720669184,0.5,multimediashare,13,laAirportShooting2013,Unknown,
902,396329951978586112,0.25,discussion,4,laAirportShooting2013,Unknown,
903,396330455303475200,0.25,sentiment,18,laAirportShooting2013,Unknown,
904,396330685989797888,0.25,contextualinformation,3,laAirportShooting2013,Unknown,
905,396330967003971584,0.25,news,15,laAirportShooting2013,Unknown,
906,396331004753092608,0.25,news,15,laAirportShooting2013,Unknown,
907,396331155718688768,0.5,factoid,7,laAirportShooting2013,Unknown,
908,396331222860709888,0.75,factoid,7,laAirportShooting2013,Unknown,
909,396331482911735808,0.25,advice,1,laAirportShooting2013,Unknown,
910,396331692605964288,0.25,news,15,laAirportShooting2013,Unknown,
911,396331763925913600,0.25,news,15,laAirportShooting2013,Unknown,
912,396331893920374784,0.25,news,15,laAirportShooting2013,Unknown,
913,396331961058209792,0.25,advice,1,laAirportShooting2013,Unknown,
914,396331973607964672,0.25,news,15,laAirportShooting2013,Unknown,
915,396332221084086272,0.25,multimediashare,13,laAirportShooting2013,Unknown,
916,396332476932829184,0.25,contextualinformation,3,laAirportShooting2013,Unknown,
917,396332820878336000,0.25,multimediashare,13,laAirportShooting2013,Unknown,
918,396332896392204288,0.25,irrelevant,11,laAirportShooting2013,Unknown,
919,396333148029861888,0.25,irrelevant,11,laAirportShooting2013,Unknown,
920,396333361926782976,0.25,news,15,laAirportShooting2013,Unknown,
921,396333374530654208,0.25,sentiment,18,laAirportShooting2013,Unknown,
922,396333710066606080,0.5,multimediashare,13,laAirportShooting2013,Unknown,
923,396334091768832000,0.25,news,15,laAirportShooting2013,Unknown,
924,396334427313561600,0.5,factoid,7,laAirportShooting2013,Unknown,
925,396334645400178688,0.25,sentiment,18,laAirportShooting2013,Unknown,
926,396334704112058368,0.25,news,15,laAirportShooting2013,Unknown,
927,396334725075570688,0.25,unknown,21,laAirportShooting2013,Unknown,
928,396334880260624384,0.25,contextualinformation,3,laAirportShooting2013,Unknown,
929,396334947394674688,0.25,factoid,7,laAirportShooting2013,Unknown,
930,396335329076318208,0.25,factoid,7,laAirportShooting2013,Unknown,
931,396335333257654272,0.25,discussion,4,laAirportShooting2013,Unknown,
932,396335475881181184,0.5,factoid,7,laAirportShooting2013,Unknown,
933,396335492666773504,0.25,news,15,laAirportShooting2013,Unknown,
934,396335685570793472,0.25,advice,1,laAirportShooting2013,Unknown,
935,396335786263871488,0.25,discussion,4,laAirportShooting2013,Unknown,
936,396335865926262784,0.25,news,15,laAirportShooting2013,Unknown,
937,396335979167903744,0.25,news,15,laAirportShooting2013,Unknown,
938,396336012726525952,0.25,news,15,laAirportShooting2013,Unknown,
939,396336079856345088,0.25,news,15,laAirportShooting2013,Unknown,
940,396336243442589696,0.25,news,15,laAirportShooting2013,Unknown,
941,396336297968562176,0.25,factoid,7,laAirportShooting2013,Unknown,
942,396336394429562880,0.25,news,15,laAirportShooting2013,Unknown,
